-0.09307502	0.25223213	-0.04153633	-0.20345214	-0.10523349	-0.04595228	0.018123288	0.07134754	0.025521081	-0.078114964	-0.027320348	-0.037963968	-0.100726955	0.08927121	0.032633666	0.09441246
-0.10267228	0.16655451	-0.008990712	-0.09111532	-0.08204676	-0.11511368	0.09239081	-0.0064935675	-0.030970767	-0.02249495	0.046738777	-0.034801334	-0.025657307	0.0456317	0.070773974	0.08496409
-0.26617095	-0.12539877	0.21978496	-0.21207517	0.19513434	0.2140951	0.26608607	0.26938412	-0.25352973	-0.24868207	0.21343061	0.26355392	-0.2767784	-0.19825867	-0.13187124	-0.16752365
-0.05425387	0.14910038	0.025871828	-0.20417649	-0.05656533	0.0030645637	0.08843651	0.10087438	0.010933128	-0.11157844	0.07143732	-0.012680619	-0.09562802	-0.014060203	0.042315662	-0.0219283
-0.009555552	0.22464466	-0.104077466	-0.055206887	-0.17162181	-0.14588101	-0.052075915	-0.08940476	0.08130295	-0.005898777	-0.09915658	-0.116053	-0.054117028	0.1403597	0.11414402	0.07306847
0.059307743	0.14435744	-0.026553933	0.015881846	-0.03773102	-0.08418848	-0.003910116	-0.08920355	0.03811744	0.010133718	-0.08197442	-0.07756939	0.018711397	0.054359943	0.05712053	0.065641806
-0.09084881	-0.043021325	0.09299406	-0.15104184	0.15308458	0.118280314	0.100456946	0.120868385	-0.11798608	-0.17284192	0.10324172	0.11267582	-0.109298594	-0.16795345	-0.041959513	-0.100453705
0.0249879	0.18840593	-0.0889718	-0.12569487	-0.115492634	-0.12698676	0.023427334	-0.08200769	0.03131803	0.011656914	-0.04571337	-0.09369897	-0.021971963	0.09284597	0.09282454	0.09969339
-0.018194165	0.15805566	-0.062265653	-0.029677553	-0.03642603	-0.05173688	0.058510426	0.018428642	0.0457408	0.029484646	-0.044853743	0.036125556	-0.05750449	0.03798771	0.07277786	0.055440404
0.04091593	0.22440077	-0.09989775	-0.050985165	-0.10157213	-0.15287215	-0.07813447	-0.104993396	0.08511411	0.11036616	-0.11951662	-0.0767161	0.0434468	0.1274247	0.0940367	0.093980186
-0.034415834	0.1637813	-0.06212468	-0.058957662	-0.12942776	-0.087362826	0.03591473	0.016758775	-0.023094406	0.044529416	-0.052506384	-0.022917017	-0.05865819	0.04456461	0.07779023	0.07707059
-0.1338033	0.04702335	0.13137886	-0.17703761	0.051148355	0.09377883	0.100804724	0.09689395	-0.094517596	-0.12460214	0.05971155	0.099006884	-0.15965822	-0.09338064	-0.067117475	-0.02146031
-0.032060686	0.16272426	-0.031355303	-0.05282674	-0.05392834	-0.08576457	-0.015014906	-0.00930717	0.039334994	0.018019162	-0.05079227	-0.018450802	-0.07175288	0.039981075	0.0053241127	0.0904067
0.69939667	0.96936345	-0.9867448	0.57570934	-0.89709973	-0.92000145	-0.70301217	-0.84601	0.7586998	0.8250525	-0.86777234	-0.98390096	0.7243554	0.9573673	0.85802764	0.8619051
-0.026187437	0.061879702	-0.005577184	-0.106994085	-0.004031437	-0.012426323	0.029467123	0.03266832	-0.00798627	-0.05996131	0.0021984042	-0.036667082	-0.0313615	0.042845	0.012480466	0.035274006
-0.078289	0.09801563	-0.051910367	-0.16086435	-0.009224115	-0.04581628	0.028470552	0.04357552	-0.017546102	-0.007529826	-0.034441877	0.0012701077	-0.096231945	0.08717915	0.0706821	0.06997646
-0.21105483	-0.08522971	0.15597689	-0.14163147	0.12856105	0.22065449	0.19539237	0.19628412	-0.1437653	-0.18983465	0.1534068	0.22522011	-0.13369358	-0.22537328	-0.17127877	-0.14080814
-0.18152407	-0.085968934	0.118126236	-0.11926469	0.14728212	0.12733354	0.09526542	0.14766696	-0.08958952	-0.14915954	0.13566971	0.116847225	-0.18472934	-0.14967653	-0.13894801	-0.15910785
-0.9575458	-1.1759785	1.2447026	-0.9652561	1.0897728	1.1712195	0.9859577	1.1489546	-0.99113345	-1.0983624	1.1785742	1.3053591	-1.0587445	-1.1853453	-1.005814	-1.0521584
-0.7210834	-0.78389496	0.8763699	-0.652103	0.7386399	0.80581737	0.6988477	0.7829048	-0.71174	-0.7236877	0.75504553	0.87108237	-0.7507008	-0.77780807	-0.65397316	-0.70562804
-0.003896536	0.0478464	-0.017883934	-0.07097843	0.013148915	-0.014808725	0.035514306	0.06675223	-0.024419548	-0.018597707	-0.012493553	0.06342943	-0.086640164	-0.0519878	-0.027547346	0.0063948683
0.05810655	0.29088798	-0.12758844	-0.009099813	-0.13137908	-0.21492034	-0.12387724	-0.11859606	0.064944185	0.09300357	-0.099618904	-0.18648885	0.06582043	0.16672297	0.1080593	0.19159938
-0.18365361	-0.014609467	0.1869561	-0.17920803	0.08023043	0.089567415	0.122049436	0.14394373	-0.16378415	-0.22396731	0.122696035	0.18649794	-0.18988693	-0.18653412	-0.10947553	-0.1572542
-0.058213063	-0.04975718	0.11124829	-0.16701649	0.042150557	0.12697828	0.12922993	0.13993621	-0.114951774	-0.1500908	0.10194989	0.07872678	-0.10534983	-0.06403546	-0.12505615	-0.04641556
-0.10532598	0.012043172	0.15820485	-0.21082307	0.02655108	0.07006127	0.09615599	0.15048279	-0.117614456	-0.15790153	0.07929182	0.11120679	-0.149424	-0.0572237	-0.032144137	-0.102863654
-0.11929586	-0.19462763	0.1434579	-0.06958969	0.18569194	0.17376207	0.17340623	0.15891258	-0.1224095	-0.1270254	0.20443183	0.17467311	-0.13677277	-0.12053723	-0.18286613	-0.12698121
-0.120099075	0.015947148	0.031720594	-0.14409123	-0.003347792	0.046670638	0.04892724	0.06413191	-0.090518765	-0.032736696	0.027356882	0.055245962	-0.055953003	-0.0479397	-0.011717549	-0.032387286
-0.12058735	-0.13565709	0.15034834	-0.15267688	0.16332419	0.14819106	0.1870757	0.14573762	-0.19769374	-0.21067792	0.12816878	0.18323609	-0.16824977	-0.12667142	-0.10241417	-0.12190348
0.013296039	0.14270702	-0.0005121988	-0.012916338	-0.014903034	-0.047024284	-0.0052492004	-0.063399866	0.03510543	0.048368264	-0.04488864	-0.040765196	0.0052683367	0.060976416	0.091919765	0.029608255
0.009120076	0.14157997	-0.0694017	0.018851265	-0.09234895	-0.08299369	-0.0023070225	-0.097157836	0.08225425	0.03400799	-0.111179285	-0.0708459	0.0097749345	0.08781097	0.07880834	0.12959161
-0.028572341	0.05536098	-0.042048004	-0.008803877	-0.014814801	-0.019989846	-0.011115443	-0.03704992	0.015599722	0.0022429095	-0.0228262	-0.010324546	0.011584587	0.08321907	0.024253622	0.005517303
0.19666651	0.25320697	-0.20535998	0.15009324	-0.26049635	-0.24081214	-0.17662811	-0.17592792	0.19679345	0.20202112	-0.17646323	-0.26278457	0.20277177	0.18788823	0.21691428	0.21063055
-0.2095605	-0.13946587	0.26512954	-0.24809156	0.16819625	0.18323511	0.22443242	0.24584842	-0.21548001	-0.26660296	0.22395097	0.26791975	-0.26820543	-0.18200614	-0.20246287	-0.13090144
-0.24870329	-0.17827156	0.26399162	-0.2647291	0.17033723	0.20616421	0.18611644	0.2604608	-0.25345117	-0.2663498	0.22048514	0.27228457	-0.2618756	-0.21734603	-0.23634844	-0.20972607
-0.24311475	-0.21556692	0.32586977	-0.27948928	0.2141087	0.2634987	0.27721432	0.29020873	-0.22627838	-0.30814037	0.26864803	0.32014897	-0.3248918	-0.2315138	-0.25761044	-0.23591578
-0.1072995	-0.06256845	0.087586425	-0.08737166	0.12635744	0.13843492	0.14697686	0.10863194	-0.073710114	-0.14894311	0.13966885	0.16877417	-0.10246194	-0.14347339	-0.09390857	-0.057846177
-0.08155358	-0.05494771	0.13841887	-0.20981097	0.11192248	0.08731937	0.0940312	0.11374841	-0.10895013	-0.09474864	0.1523177	0.15402643	-0.122969985	-0.09839086	-0.074376345	-0.10122007
0.047044568	0.12059256	-0.07840173	0.0684725	0.003012535	-0.039685506	0.019126618	-0.08913971	0.075617045	0.0072885193	-0.07767066	-0.037826598	-0.009722788	0.029051038	0.075725846	0.057383277
-0.06398994	-0.05485839	0.13508697	-0.17201355	0.08637529	0.065380536	0.09980349	0.11545359	-0.12395294	-0.14354794	0.091852516	0.06997503	-0.09698219	-0.018999835	-0.020006515	-0.08073024
0.3084613	0.355375	-0.42589155	0.2575341	-0.38415325	-0.38582796	-0.2534399	-0.36308166	0.34637687	0.35182953	-0.37945825	-0.37530923	0.34887245	0.38537255	0.35504797	0.3570956
-0.045796294	0.18057036	0.0014334474	-0.024510521	-0.04356821	-0.066561	-0.009704079	-0.063777424	0.049022637	0.025318524	-0.08289267	-0.020105321	-0.011202142	0.094670564	0.0898223	0.020428028
-0.4756971	-0.43617728	0.5830188	-0.47184297	0.50117576	0.55196464	0.44929776	0.49961925	-0.44121635	-0.49130937	0.4558763	0.61767095	-0.50021434	-0.54662234	-0.42426544	-0.45947307
-0.13665628	-0.056451544	0.11567974	-0.124031775	0.028796924	0.10811177	0.13358758	0.053886183	-0.0404768	-0.09490293	0.03512254	0.060522597	-0.08107971	-0.06970667	-0.038075767	-0.062837645
-0.084690906	-0.06634616	0.09404987	-0.22278348	0.026090838	0.10764525	0.13193554	0.11915825	-0.14210589	-0.09670515	0.12442434	0.1311491	-0.12586865	-0.10849075	-0.023454702	-0.039074782
-0.02474929	0.07537636	-0.053869937	-0.11331911	-0.068207294	-0.077678345	0.013906429	0.014684193	-0.048469055	0.024347639	-0.02591706	0.017364211	-0.060584676	0.024195166	0.014604649	0.06157393
0.24819589	0.29275936	-0.287281	0.191344	-0.28608224	-0.27691838	-0.23158532	-0.26877606	0.3038775	0.28699636	-0.31395516	-0.31811467	0.25896654	0.34597078	0.25446722	0.3276339
0.015103738	-0.03658129	0.050358396	0.06363101	4.585211e-05	0.076704435	0.04319592	-0.01020768	0.01379324	-0.06634786	0.01043297	0.029793674	-0.038527116	0.007102688	0.022353915	-0.045544036
-0.84488994	-0.97619545	1.1117781	-0.9673072	0.9720412	1.0837133	0.8836696	1.0447243	-0.9046264	-1.0056193	1.0239445	1.211771	-0.95434487	-1.0987817	-0.96442145	-1.011068
0.09802404	0.2834932	-0.14907858	0.08505672	-0.1363723	-0.22507492	-0.16863632	-0.17211583	0.17563578	0.13976413	-0.2322183	-0.17229363	0.18458283	0.15937202	0.20448226	0.13116142
-0.13222174	-0.1837419	0.20794328	-0.18516731	0.16785872	0.16663857	0.18305396	0.1455229	-0.18753766	-0.22060242	0.12511435	0.21073963	-0.16061004	-0.20080315	-0.10931755	-0.18340603
0.43787253	0.67895865	-0.6365854	0.4180932	-0.60730344	-0.6044217	-0.46398228	-0.6072239	0.46737385	0.49053925	-0.60604554	-0.6639924	0.5028626	0.64297307	0.52440697	0.56613743
-0.17383705	-0.17732581	0.20462152	-0.11107789	0.13615511	0.16268389	0.14514713	0.19145902	-0.19907385	-0.17858486	0.14976421	0.22796096	-0.15360193	-0.17513776	-0.18805367	-0.1546759
-0.107809685	-0.071759775	0.043347154	-0.09956386	0.075048804	0.083108895	0.08133674	0.09611584	-0.030211715	-0.11653589	0.1314164	0.14095497	-0.13598184	-0.048737794	-0.10163712	-0.055917
0.09527285	0.17799993	-0.18472815	0.08687082	-0.17527671	-0.12839165	-0.1561818	-0.14955302	0.13677177	0.15425904	-0.16912317	-0.13840815	0.17567326	0.14243296	0.1909534	0.18099062
-0.6744418	-0.77974015	0.8606837	-0.75864464	0.7438197	0.86176217	0.6764839	0.81863254	-0.69966936	-0.7657127	0.80769354	0.90543056	-0.76458704	-0.8349519	-0.7757633	-0.7252507
-0.08901413	0.05148406	0.06129019	-0.12341427	0.0167515	0.011780614	0.116593584	0.051250752	-0.0062818713	-0.038564608	0.056102715	0.035732128	-0.056452483	0.01163791	0.013350534	-0.027495991
-0.024840599	0.12297353	-0.028311122	-0.037572134	-0.07007042	-0.014837184	0.0068262606	-0.070920795	-0.0074992543	0.02961751	-0.057065014	-0.062992536	-0.05059328	0.008902807	0.07777816	0.022896428
-0.07134271	-0.035042413	0.10383726	-0.10347892	0.073985554	0.07881264	0.061842583	0.117185	-0.07292238	-0.096637234	0.07854796	0.11842992	-0.054926448	-0.11792769	-0.081769	-0.082302175
-0.2834685	-0.25766388	0.3214937	-0.2438921	0.24553514	0.25499263	0.24582013	0.2779654	-0.20978001	-0.32150725	0.27118167	0.32371634	-0.30200332	-0.26679417	-0.26052687	-0.26198226
0.15221974	0.063226976	-0.16983521	0.14475456	-0.07405979	-0.080032706	-0.12170348	-0.14702985	0.13381623	0.0945272	-0.089845456	-0.08383471	0.15674089	0.113539696	0.1316415	0.16572706
0.055010818	0.11288748	-0.116921976	0.014768925	-0.1134013	-0.04945307	-0.09833494	-0.057457678	0.048056096	0.07613129	-0.031940162	-0.06272919	0.06804091	0.075977825	0.04040661	0.064032175
0.010205432	0.13438281	-0.008721816	-0.12433734	-0.082872845	-0.08781768	-0.024384554	0.03150391	0.007180581	0.015977537	-0.02958262	-0.005798155	-0.022900796	0.0662675	0.05871522	0.048727375
0.26432064	0.21916148	-0.25137085	0.23553947	-0.26720175	-0.25050983	-0.22642307	-0.26707754	0.23553264	0.21974008	-0.28613	-0.29804003	0.30570507	0.30432197	0.22829196	0.20387445
0.25549933	0.39189783	-0.30959633	0.19683437	-0.24966116	-0.37028652	-0.18469143	-0.29130036	0.22560807	0.25621185	-0.31430197	-0.29219237	0.23656143	0.34328642	0.2792156	0.34548116
0.11473392	0.2552576	-0.16787015	-0.011065538	-0.16476248	-0.13991576	-0.10997966	-0.19424963	0.14276655	0.13629317	-0.14600992	-0.20422065	0.08514671	0.24772339	0.18047294	0.13425162
-0.18340197	-0.12383177	0.24400988	-0.1618477	0.13528144	0.18690386	0.20393915	0.17183091	-0.19693604	-0.24455325	0.1494253	0.2093822	-0.16903721	-0.18421194	-0.13866419	-0.12406112
0.19383548	0.3981238	-0.38788393	0.118252985	-0.3001398	-0.41456172	-0.15991697	-0.28777337	0.29935002	0.3056457	-0.31951275	-0.34558573	0.17567742	0.3500508	0.32490382	0.34357435
0.35491186	0.49960756	-0.4684167	0.29287946	-0.4711925	-0.43071255	-0.39655328	-0.47073504	0.34880027	0.4384497	-0.4756494	-0.47292942	0.35847023	0.5236258	0.42348555	0.44335052
0.13513099	0.34605417	-0.23336864	0.10201749	-0.23694424	-0.24709046	-0.15254065	-0.2501303	0.2107649	0.17723905	-0.21856926	-0.22630362	0.15457386	0.31473762	0.24287009	0.27857485
-0.448876	-0.4812137	0.49068338	-0.5396692	0.4193101	0.5400204	0.477589	0.4947197	-0.45737454	-0.49292937	0.46996838	0.5243483	-0.4741927	-0.5565854	-0.4883612	-0.47255325
-0.19006123	-0.1351055	0.2692263	-0.21844833	0.17414086	0.18176077	0.20952992	0.19436187	-0.21771124	-0.20406933	0.23846939	0.22924478	-0.23517297	-0.25476128	-0.15688117	-0.1754349
0.09033594	0.053602815	-0.114873715	0.06635437	-0.0547665	-0.12855697	-0.056564532	-0.0715714	0.032888386	0.082210034	-0.033907905	-0.109553576	0.10767918	0.15955552	0.043073304	0.121491
-0.71581733	-0.8500866	0.94451463	-0.7195588	0.8365795	0.932352	0.7496904	0.95720226	-0.77162105	-0.85950625	0.87643063	0.97074646	-0.7832559	-0.9548125	-0.8055054	-0.85716903
0.08496082	0.11607755	-0.10452108	0.014540233	-0.0940369	-0.10420763	-0.056733456	-0.10228394	0.04406565	0.124007955	-0.1274415	-0.10169362	0.0600252	0.085194655	0.13126747	0.08580809
-0.014870923	0.08856423	-0.057420913	-0.045993038	-0.053448908	-0.05432076	-0.06843101	-0.008048972	0.02067818	0.0019641311	-0.008895221	-0.052970316	-0.010393289	0.10606355	0.10702166	0.07189005
-0.73450506	-0.86019284	0.91195613	-0.7597147	0.79837453	0.9199566	0.7112136	0.9355456	-0.75995916	-0.7974833	0.8194657	0.9461373	-0.8148482	-0.9362979	-0.7359653	-0.80757576
-0.048831973	0.11741408	0.018751642	-0.13619696	-0.075210616	-0.029405681	0.067121424	-0.018294722	0.039426178	0.030376932	-0.018871842	0.046968874	-0.07606799	0.037278675	0.06909325	0.030433137
0.08421722	0.19224481	-0.13470976	0.0031919114	-0.21756028	-0.21464825	-0.09730267	-0.16819598	0.14292909	0.10039013	-0.14529672	-0.19334954	0.11966973	0.15134762	0.1869404	0.20207736
0.22351126	0.42240822	-0.42082226	0.21614023	-0.38619685	-0.39431223	-0.23635724	-0.3420519	0.31170177	0.30765063	-0.32002887	-0.44820464	0.27423412	0.4156505	0.4080969	0.34346494
-0.41071102	-0.39819562	0.5315117	-0.45918286	0.44336647	0.54596967	0.45907417	0.5147716	-0.42582488	-0.48881957	0.52218986	0.5155367	-0.51910406	-0.55118775	-0.4336159	-0.5047679
0.11476497	0.25129148	-0.19201103	-0.011173244	-0.13929963	-0.18583444	-0.113837756	-0.13570766	0.0968167	0.09525393	-0.1099773	-0.14524603	0.04866309	0.1594847	0.15845478	0.13013561
-0.13622671	-0.104701005	0.19873708	-0.114030235	0.17156103	0.11342477	0.11454985	0.2071929	-0.1318087	-0.21033636	0.21525443	0.23395474	-0.2123778	-0.19197874	-0.14775273	-0.14836064
0.1860466	0.30564228	-0.3001099	0.119837604	-0.30243722	-0.29456806	-0.14845331	-0.29649764	0.25420317	0.19271609	-0.21846995	-0.2571533	0.23933479	0.3560404	0.21568163	0.26497254
-0.10366841	0.015055696	0.03440198	-0.06409743	0.005972997	0.047807526	0.08045291	0.08722451	-0.069474086	-0.060140304	0.019933714	0.06799401	-0.07950555	0.005915313	-0.02220013	0.022277918
-0.030339804	0.020237036	0.020536369	-0.07822717	0.0012784073	0.008451872	0.06460759	-0.0059270984	-0.061773334	0.00026934376	-0.019404782	0.04287445	-0.03084294	0.05273386	0.0264161	-0.032015566
0.3808354	0.5428926	-0.62527376	0.385313	-0.5151005	-0.60830945	-0.4410405	-0.57711643	0.41853705	0.53038114	-0.5282539	-0.62287956	0.43936232	0.5493156	0.54272413	0.49877107
0.15059017	0.24106961	-0.27628997	0.16888364	-0.22149216	-0.27536926	-0.23536865	-0.25270122	0.17691007	0.25649345	-0.21133754	-0.23070501	0.23906128	0.30091888	0.20156364	0.29243612
-0.8170624	-0.87943995	1.0590801	-0.8072488	0.8288963	1.0137495	0.8301391	1.0224826	-0.79168415	-0.888015	0.91350734	1.0545745	-0.8893462	-0.94923514	-0.87500125	-0.88099295
-0.39726597	-0.48084554	0.57763505	-0.43754268	0.49294847	0.55814195	0.4495979	0.5206165	-0.45196235	-0.5288398	0.50479245	0.5259614	-0.41444975	-0.49572837	-0.4490577	-0.5093626
-0.11173461	-0.040343583	0.13461629	-0.101005524	0.13560836	0.099628255	0.17547892	0.12266684	-0.14945966	-0.14383987	0.09125376	0.14185281	-0.1343557	-0.14169285	-0.1085458	-0.098770946
0.08520361	0.12652552	-0.17909281	0.12036132	-0.1462868	-0.114727795	-0.114543684	-0.11681961	0.14547281	0.17087951	-0.15775405	-0.11092779	0.075621635	0.14625609	0.15827207	0.17169613
-0.11600099	-0.09563841	0.082460545	-0.11436402	0.07813311	0.081428036	0.06157576	0.15448597	-0.14847688	-0.10716966	0.11871067	0.12332663	-0.11983812	-0.15289782	-0.1138581	-0.1301497
-0.13376006	-0.03253371	0.0738318	-0.07178697	0.04353438	0.08278127	0.07090954	0.08183285	-0.079815686	-0.058755856	0.113733396	0.109258726	-0.14126165	-0.13475807	-0.03985458	-0.10152717
0.2650318	0.34221107	-0.34391013	0.25562498	-0.2590945	-0.2833152	-0.26844385	-0.3809737	0.31943634	0.3294722	-0.27668238	-0.3874393	0.30704007	0.30974838	0.35473117	0.31734392
0.0005081791	0.12097091	-0.07741377	0.0069096703	-0.08764953	-0.04719168	-0.01803164	-0.08777644	0.042846434	0.09461158	-0.050412867	-0.12514769	0.04656696	0.10771104	0.029459665	0.12390845
-0.45519418	-0.43824223	0.5485466	-0.4175311	0.43762866	0.4948689	0.3917684	0.51114786	-0.47278145	-0.47347412	0.43092397	0.47865093	-0.47262093	-0.5116261	-0.43487528	-0.45015433
-0.02162143	0.0744028	-0.05628198	-0.071021356	-0.100864016	-0.044622485	-0.026375042	-0.03504237	0.02342411	0.08401267	-0.035667203	-0.049621016	0.010883653	0.1163175	0.071847714	0.13044028
-0.1766322	-0.14160399	0.20851456	-0.22856413	0.14063706	0.09961459	0.18869568	0.2154574	-0.14400466	-0.23851845	0.14256369	0.23066974	-0.22170655	-0.10754883	-0.108419105	-0.1747017
-0.084625274	-0.14111029	0.126779	-0.11681872	0.1194972	0.18160851	0.12910429	0.14435682	-0.11520616	-0.10126483	0.12578811	0.16503212	-0.09338554	-0.16575943	-0.14982997	-0.14728954
0.040284425	0.10086878	-0.08256347	-0.06845011	-0.042240426	-0.08729529	0.001881598	0.002375506	0.03980856	-0.00468555	-0.017685758	-0.032786947	0.057811536	0.04718895	-0.0077470266	0.084620476
-0.13739718	-0.038694404	0.13356084	-0.0893208	0.10592753	0.09525109	0.10718961	0.11035473	-0.13175945	-0.1378597	0.045107033	0.08911618	-0.0953773	-0.054017432	-0.07370766	-0.06544702
-0.24808985	-0.15490498	0.27598795	-0.30195498	0.14311151	0.2513128	0.24454111	0.27502254	-0.2307911	-0.23403028	0.29557714	0.30424172	-0.307908	-0.22259992	-0.2484233	-0.20604096
-0.06925436	0.125093	-0.02469294	-0.10026203	-0.01500938	-0.0026441722	0.08700915	0.050948776	-0.048756354	0.020543575	0.05701842	-0.012154804	-0.022655359	0.0315945	-0.015720759	0.038247067
-0.009359934	0.006766775	-0.033878133	-0.07757877	-0.012914272	0.0037377256	0.039136052	0.025508147	0.033314668	-0.009620132	0.041045062	-0.006200559	-0.030325271	0.017703407	0.03686288	0.053115614
0.32185176	0.487271	-0.42058665	0.27417073	-0.3864437	-0.42046663	-0.32450983	-0.3647063	0.30141932	0.40011144	-0.3452627	-0.40413675	0.3307701	0.47136188	0.39067748	0.43403557
0.056094743	0.121489696	-0.14184508	0.14589266	-0.13209355	-0.14005944	-0.076859176	-0.13305089	0.067880034	0.09218818	-0.14224558	-0.14967892	0.08196258	0.14563031	0.16290633	0.14663602
0.15835306	0.27189222	-0.14512038	0.115113184	-0.15683126	-0.17497231	-0.121262036	-0.13180888	0.115402944	0.11856615	-0.20047976	-0.18830737	0.13712353	0.14752825	0.22201058	0.14837058
-0.09037541	0.073343284	0.04788502	-0.055944227	-0.028570902	-0.02980677	0.020869803	-0.010945541	-0.0014658023	-0.094761185	0.04649753	0.05693131	-0.04075642	-0.035405245	-0.025064027	0.008686254
0.009995961	0.10152513	-0.019434229	-0.03941415	-0.10670592	-0.0746563	0.034348663	-0.040222812	0.025035718	0.05234402	-0.0003813074	-0.034222398	-0.014811153	0.068332724	0.014801538	0.059909143
-0.04966188	0.041581728	0.010564834	-0.037004247	0.040494516	0.031799976	0.08682432	0.04240835	-0.0144004505	-0.08167207	0.031371787	0.018165942	-0.021237718	-0.026102254	-0.06572873	-0.061790336
-0.24993591	-0.22547683	0.27610412	-0.21541502	0.25596222	0.20602737	0.17308857	0.2185856	-0.21471803	-0.23717833	0.21432115	0.23778285	-0.21148689	-0.22853434	-0.26092154	-0.21469824
0.6894576	0.9322733	-0.91636926	0.732566	-0.8030912	-0.9431681	-0.7363095	-0.92676044	0.73723763	0.8044615	-0.8876455	-0.95681316	0.850123	0.92967564	0.8662226	0.83081627
0.14613722	0.26052636	-0.22167742	0.107883394	-0.16068226	-0.24120124	-0.1805294	-0.19172205	0.11152951	0.20758735	-0.13011743	-0.15005541	0.17664257	0.21320355	0.23502311	0.19450556
-0.03652207	0.039447844	-0.01965977	-0.08152162	-0.0103630945	-0.027513696	0.041785855	0.023599176	0.008504066	0.014249846	0.034056988	0.024995077	-0.042544603	0.0021206448	-0.039117098	0.00039616472
0.6819323	0.89158505	-0.9380918	0.57441485	-0.78236383	-0.82646936	-0.67114407	-0.8252506	0.6770105	0.7203748	-0.8613869	-0.9562818	0.7649961	0.8996456	0.7589376	0.7719959
0.13631417	0.16428295	-0.17908715	0.061726272	-0.13101822	-0.14951013	-0.1356556	-0.18391386	0.14315775	0.13674209	-0.17607494	-0.13168558	0.15623845	0.18389586	0.19259289	0.17553324
0.019108111	0.1109525	-0.037284	-0.0214517	-0.042743042	-0.0603481	-0.0007637034	-0.026416264	0.08402934	0.07197432	-0.08240961	-0.030496703	0.052800782	0.12315993	0.064451054	0.113231696
-0.047036532	0.049337577	-0.039638378	-0.02163152	-0.05867606	-0.020415856	0.02578094	-0.033311218	0.024282329	0.025533546	-0.06555726	-0.057269488	0.03704508	-0.005763688	-0.020628609	0.06553579
0.51201403	0.67826515	-0.71511674	0.43363884	-0.6228869	-0.6829461	-0.522888	-0.64750785	0.49335894	0.61941457	-0.6337067	-0.68584096	0.5627862	0.7122825	0.6266372	0.635041
-0.044196807	-0.08919706	0.111893594	-0.019591754	0.10734291	0.08729859	0.109115705	0.14125802	-0.048357785	-0.06276113	0.09081645	0.16265097	-0.091221236	-0.11643837	-0.120674245	-0.08298951
0.5528855	0.576601	-0.72732705	0.56192344	-0.5914079	-0.65616816	-0.6000588	-0.6451065	0.5328076	0.6530913	-0.65617955	-0.7257466	0.62747914	0.6822865	0.6308792	0.6084158
-0.06971054	0.062139302	0.047862876	-0.19186676	-0.06898759	-0.011382978	0.0029958764	0.037151933	-0.0037226838	-0.016882336	0.06341479	-0.019223785	-0.064891495	-0.012368188	0.05757429	0.025810031
-0.12785864	-0.06952223	0.076578744	-0.13461633	0.072460264	0.04972112	0.090615064	0.10610623	-0.10774116	-0.13533928	0.0856903	0.16700195	-0.10683691	-0.13642691	-0.03352424	-0.075934924
-0.8494488	-0.90377617	1.0087721	-0.9155359	0.83434725	0.9482868	0.84333354	1.0050776	-0.8632784	-0.90887505	0.90850025	1.0695723	-0.9099758	-1.0190991	-0.8361513	-0.93702215
0.55076295	0.855822	-0.8612441	0.546312	-0.6890648	-0.8379289	-0.63432664	-0.7771906	0.653098	0.7179869	-0.7718818	-0.89278275	0.6414551	0.76195556	0.7429685	0.7862444
0.041093025	0.14594643	-0.049498253	-0.018227164	-0.13995332	-0.0925684	-0.052073006	-0.051637292	0.08249612	0.10066736	-0.110080875	-0.14361812	0.013142297	0.11193419	0.15970972	0.12661397
0.23710686	0.32840893	-0.26864263	0.19338083	-0.33421716	-0.33701086	-0.22603439	-0.29698074	0.29352757	0.31769657	-0.34402108	-0.2955372	0.27474612	0.31337503	0.29972604	0.2802838
-0.57518053	-0.66435957	0.7478047	-0.58118975	0.66206414	0.7155306	0.5606116	0.65927744	-0.5746784	-0.6535439	0.6434972	0.76561296	-0.64843714	-0.7081548	-0.6065915	-0.6559129
0.44713774	0.40550533	-0.47730544	0.37763664	-0.3953436	-0.48616076	-0.43968084	-0.4297771	0.4184446	0.48460677	-0.40291667	-0.46020606	0.42970788	0.48703137	0.425209	0.4869362
0.4385815	0.5194805	-0.4841853	0.37560847	-0.45407993	-0.4638827	-0.3706206	-0.4631679	0.43904316	0.46367964	-0.42536572	-0.493222	0.43869397	0.5286924	0.4526863	0.45121554
-0.077999786	-0.038796622	0.13813716	-0.11380501	0.11388991	0.05424936	0.06365008	0.14422639	-0.04651278	-0.1408429	0.07428038	0.09569264	-0.1538017	-0.04355844	-0.09423516	-0.06378165
-0.2033196	-0.2708604	0.24713425	-0.2609822	0.2648707	0.22372867	0.25637963	0.22210316	-0.22940765	-0.28274602	0.20978928	0.22085445	-0.2533593	-0.25405866	-0.2602509	-0.26662487
-0.20664117	-0.17956747	0.20022146	-0.17255853	0.17165455	0.17897676	0.19225067	0.18191801	-0.17694637	-0.18471201	0.21502961	0.19488764	-0.20220865	-0.17722128	-0.14355046	-0.20742166
0.059811335	0.04999858	-0.039456274	0.051936157	-0.10600171	-0.054231904	-0.005571316	-0.05641087	0.07313482	0.0019126788	-0.019334715	-0.06118421	0.005674644	0.09106597	0.018303353	0.03693809
-0.033223625	0.118011326	0.044843	-0.08925572	-0.0627415	0.013100228	0.012973114	0.04977699	-0.0036061879	0.00057893875	0.035764217	0.0092583215	0.008937968	-0.033745397	0.013639662	-0.0059130206
-0.41777784	-0.42046356	0.52330816	-0.40096366	0.46183214	0.45382974	0.3696967	0.47396794	-0.41749278	-0.5057571	0.43309337	0.5319472	-0.42610583	-0.44686553	-0.41152716	-0.45320785
-0.03471416	-0.02336102	0.07817819	-0.1353095	0.00856742	0.0038308855	0.035203494	-0.0060219923	-0.0056874542	-0.018627334	0.044939715	0.0010826145	-0.017360974	-0.040529747	0.009057939	-0.043720726
0.2013835	0.43461502	-0.3980573	0.21542908	-0.33899435	-0.32702446	-0.28438386	-0.3224222	0.26686022	0.2626405	-0.31634608	-0.42204013	0.2752368	0.36385924	0.34731138	0.3400249
-0.18849652	-0.32595754	0.25964206	-0.2552981	0.28457168	0.27334	0.25580022	0.23641336	-0.2095336	-0.26255202	0.27981898	0.3097598	-0.2185601	-0.23372573	-0.25057518	-0.25365508
-0.16125092	-0.13494898	0.21163759	-0.10451077	0.11664079	0.12639254	0.16155972	0.15906796	-0.18509917	-0.1628863	0.17707504	0.16532497	-0.15370536	-0.19073527	-0.17954703	-0.13968092
0.5668513	0.8242327	-0.79016536	0.5510973	-0.69600254	-0.76919043	-0.52918416	-0.8140981	0.6201067	0.7262891	-0.78155345	-0.86702836	0.66231126	0.7508553	0.747108	0.6746646
-0.3818747	-0.4267592	0.45612594	-0.29625544	0.43406603	0.49696508	0.3316219	0.46889418	-0.393516	-0.3875917	0.42646348	0.5237535	-0.34900668	-0.521911	-0.4680053	-0.41177452
-0.18699847	-0.13636078	0.23826191	-0.14198025	0.15430649	0.13296871	0.1739512	0.1737935	-0.15712877	-0.17794529	0.139784	0.16315109	-0.20332177	-0.15788443	-0.11895875	-0.13460693
0.7986764	0.8829099	-0.9888546	0.7981138	-0.8139965	-0.90601075	-0.80015546	-0.8905837	0.77722	0.86563176	-0.85809696	-0.9891784	0.8017134	0.90809464	0.8861743	0.825719
-0.23182832	-0.17997159	0.25309566	-0.27946857	0.20201798	0.2596903	0.22136351	0.23458797	-0.2611492	-0.24076805	0.2779394	0.25978723	-0.2864833	-0.287044	-0.24556439	-0.28872532
-0.4500162	-0.5812762	0.6114815	-0.50547755	0.52661306	0.59272856	0.50302345	0.5662574	-0.51582104	-0.53288066	0.54677224	0.67361605	-0.5436885	-0.6087942	-0.52965593	-0.56559867
0.063257895	0.06781864	-0.029708257	0.04053951	-0.08185499	-0.048555076	-0.061741743	-0.048877053	0.024623899	0.032392547	-0.033548355	-0.0566601	-0.0029768252	0.077143155	0.05902452	0.040340416
-0.30234635	-0.2420015	0.32918635	-0.30672255	0.2834885	0.2684224	0.30186328	0.30992925	-0.28493103	-0.26237494	0.299474	0.32736415	-0.33883464	-0.27970377	-0.25076216	-0.25415003
0.0841016	0.011785256	-0.049007922	0.11426876	-0.083737746	0.024322964	-0.029336264	-0.08960282	0.069491565	0.034341797	-0.039826848	-0.073826194	0.048609752	0.04443697	0.014048453	0.07469436
0.045670424	0.10317777	-0.09260661	0.076682016	-0.06930319	-0.076036476	-0.050741937	-0.038480107	0.026359906	0.10530955	-0.04939861	-0.13015002	0.065016866	0.09962258	0.113111705	0.09312378
-0.24800459	-0.274495	0.34516004	-0.27054867	0.29099584	0.24587326	0.19849512	0.2321399	-0.2813875	-0.22914442	0.2580627	0.323513	-0.2169292	-0.32535848	-0.29530725	-0.31102896
0.05920403	0.25470027	-0.15744418	-0.033665102	-0.21145354	-0.15486754	-0.12779725	-0.076774344	0.16183566	0.12600212	-0.09534854	-0.17389362	0.04010963	0.18731573	0.13760293	0.18737571
-0.57101125	-0.5086632	0.60049146	-0.49715817	0.5390653	0.5524551	0.46578395	0.5698661	-0.4993517	-0.5598501	0.558969	0.65828526	-0.5156801	-0.57514626	-0.5155787	-0.5719129
0.028246982	0.029645521	-0.019802887	-0.03588588	0.0056277784	-0.041230522	0.06387537	-0.018188331	-0.012456925	-0.06383189	0.035237316	-0.031600818	0.0067267963	0.039111014	0.037649322	-0.02778593
-0.051889207	-0.14154193	0.07542696	-0.05930004	0.13046715	0.11940009	0.061273597	0.1220152	-0.090872504	-0.10605889	0.12065309	0.15718554	-0.0685565	-0.11877996	-0.13237865	-0.09585205
-0.3269158	-0.3251077	0.37854654	-0.32272613	0.29241964	0.3180426	0.25756422	0.32290503	-0.28109437	-0.32625827	0.31418195	0.3536814	-0.32276732	-0.38732442	-0.35328558	-0.28312856
0.25278732	0.22141267	-0.27778548	0.18310122	-0.23345338	-0.24244672	-0.25193524	-0.2989168	0.20606901	0.22150141	-0.28947487	-0.25812897	0.20777605	0.3098508	0.22529535	0.2838879
0.0792291	0.17825577	-0.118013196	0.064105324	-0.09674173	-0.08512754	-0.031763785	-0.08721666	0.095937915	0.039687674	-0.123168305	-0.07059134	0.106780306	0.14200892	0.06907224	0.10288731
0.011851514	-0.035429545	0.019187855	0.020180862	0.049672578	0.004019183	-0.0079850685	0.019030452	0.00024222457	0.008215894	0.024810825	0.061203394	0.01642643	-0.060093705	-0.03706949	-0.047298
-0.13517484	-0.16181783	0.13652955	-0.19522503	0.17768645	0.11673622	0.12627354	0.1825587	-0.17813592	-0.1447678	0.21503215	0.18448938	-0.185656	-0.16692299	-0.16384237	-0.11218467
0.43939453	0.52349144	-0.5207285	0.4117095	-0.43968782	-0.52952427	-0.46757698	-0.5280145	0.4624927	0.525238	-0.51902467	-0.55355287	0.47646216	0.4929462	0.43122917	0.5316252
-0.46426016	-0.57706547	0.60278875	-0.46747905	0.5057011	0.50432336	0.48053467	0.5056583	-0.5019425	-0.53873366	0.55534077	0.5795817	-0.5271256	-0.52534574	-0.5038273	-0.4800661
0.022747315	0.16217452	-0.118273854	-0.022045722	-0.06442131	-0.05301768	-0.07581653	-0.08123186	0.07912823	0.054422647	-0.0658067	-0.10583764	0.09323128	0.09561862	0.077974856	0.08894147
0.10330354	0.22609764	-0.19102988	0.047911454	-0.19557083	-0.26268393	-0.09864445	-0.18890275	0.1693516	0.20453075	-0.15591949	-0.20575401	0.14247714	0.20290774	0.18680128	0.2319618
-0.05014803	-0.03903733	0.10404338	-0.00582643	0.049744558	0.05725438	0.08435781	0.07993831	-0.026744837	-0.04462891	-0.005618152	-0.036064442	0.0068690735	-0.06560207	-0.0029490017	-0.05561521
0.024063693	0.31014287	-0.1856886	-0.02866862	-0.2243697	-0.22821121	-0.089470536	-0.12355464	0.15341121	0.14955775	-0.10925355	-0.14042275	0.061606362	0.13979009	0.12703253	0.15916225
0.43013978	0.5052001	-0.5342754	0.43886468	-0.4856578	-0.5435065	-0.4134883	-0.56664634	0.50833154	0.53964126	-0.49979305	-0.54920536	0.48418915	0.57073164	0.49292403	0.47115597
-0.07648511	-0.14670002	0.11744677	-0.11632304	0.15961303	0.09100013	0.14571987	0.14090028	-0.13270217	-0.089248724	0.10757216	0.15251292	-0.1333646	-0.079595014	-0.14638543	-0.0849398
0.36001727	0.42466915	-0.45289528	0.25624615	-0.41475138	-0.47437835	-0.34746423	-0.47185913	0.31285512	0.44087613	-0.43317512	-0.5271554	0.33623347	0.4645977	0.35629627	0.44557348
0.11131023	0.23453657	-0.13861433	0.103797905	-0.10047937	-0.11628083	-0.07956501	-0.17123531	0.13294034	0.1685033	-0.10603485	-0.2014624	0.1051754	0.1686703	0.17354967	0.12980835
-0.16353235	-0.06787808	0.18302466	-0.1789243	0.111124225	0.13817604	0.18830793	0.15193379	-0.11790284	-0.109101646	0.16595228	0.14377989	-0.18040949	-0.15542938	-0.17199352	-0.08596094
-0.19240656	-0.2284713	0.21124808	-0.22204661	0.1759116	0.21541515	0.17770356	0.15293743	-0.17131707	-0.2022062	0.20540892	0.23770697	-0.15360929	-0.16043594	-0.16339938	-0.22996114
0.18031868	0.24929944	-0.24026138	0.13510847	-0.20316006	-0.21327192	-0.16055408	-0.17225379	0.17979129	0.19590847	-0.21925336	-0.18487427	0.15562546	0.24286681	0.20196973	0.2471008
-0.17425609	-0.18563077	0.27766186	-0.19736788	0.1400253	0.24338713	0.20943315	0.24367695	-0.15794037	-0.2536129	0.23382947	0.21497549	-0.23244599	-0.25754726	-0.15187196	-0.21284637
-0.21260133	-0.1831658	0.26499906	-0.3163297	0.18506366	0.28257197	0.2667379	0.25429887	-0.2122336	-0.2731656	0.23236687	0.27632537	-0.24381311	-0.23366886	-0.25624916	-0.20370848
0.10331942	0.23530084	-0.17487423	0.062121257	-0.19896705	-0.24632126	-0.11701838	-0.11744558	0.1041149	0.15254954	-0.11852025	-0.20082028	0.12856731	0.20384204	0.16956131	0.1842822
-0.056464806	-0.021431684	0.1291427	-0.028699288	0.10569096	0.041437767	0.060984567	0.09978967	-0.11464104	-0.07604095	0.04916899	0.08105599	-0.06972016	-0.09006543	-0.09100718	-0.05318021
-0.13960166	-0.022817751	0.1356014	-0.06848523	0.13779181	0.066064164	0.10983705	0.07339185	-0.054437257	-0.10040899	0.13226599	0.14702953	-0.060328256	-0.060593776	-0.12618622	-0.06055535
0.15703319	0.19512077	-0.1458768	0.1845816	-0.11763584	-0.23526129	-0.18500939	-0.19020043	0.15358822	0.20856911	-0.14287767	-0.23148014	0.13385227	0.22027925	0.22351402	0.21897177
0.22175711	0.3294342	-0.3641024	0.3152703	-0.3402804	-0.33203092	-0.23754443	-0.32683796	0.2686926	0.34330136	-0.3680703	-0.36567143	0.32479954	0.3028476	0.33417314	0.28697628
-0.31517893	-0.3045613	0.43846557	-0.30472934	0.38112852	0.37295863	0.2778298	0.39456767	-0.33499834	-0.41624594	0.32646447	0.41228023	-0.40598184	-0.378995	-0.31704718	-0.3808634
0.7129034	0.79092276	-0.8638916	0.7492869	-0.81028867	-0.8444008	-0.6924199	-0.86360574	0.6845532	0.79877937	-0.7795648	-0.88603765	0.7378051	0.884901	0.789836	0.83293504
0.053867348	0.14277238	-0.13214396	0.028772535	-0.09776096	-0.15427108	-0.05912882	-0.14368735	0.08676899	0.10421264	-0.0794457	-0.13189986	0.093528055	0.16510862	0.12559342	0.14933997
0.2785981	0.4360975	-0.39326024	0.23651727	-0.33338135	-0.38034746	-0.31601506	-0.34923744	0.32741138	0.31328437	-0.36531034	-0.42093503	0.34741938	0.42479685	0.32325017	0.3579831
-0.66232723	-0.8043499	0.9087911	-0.7712394	0.7558934	0.7878795	0.6724565	0.82506806	-0.6845279	-0.82862085	0.77550715	0.86684865	-0.76031196	-0.84727865	-0.7851634	-0.7057405
0.052233484	0.11034096	-0.15125701	0.001345715	-0.13280061	-0.090032525	-0.08049907	-0.047055483	0.08187411	0.048552766	-0.047918204	-0.088138565	0.05526328	0.1095122	0.0580104	0.13030139
0.233453	0.25516242	-0.21757746	0.11891531	-0.19555938	-0.2497939	-0.20231196	-0.24423456	0.18475182	0.17098515	-0.2273716	-0.21952789	0.21667182	0.21102454	0.19436237	0.17901303
0.35574603	0.5351795	-0.5088884	0.31850287	-0.43410665	-0.5039419	-0.3177655	-0.49688217	0.46382684	0.46647868	-0.45325	-0.5121136	0.39696535	0.5520453	0.486743	0.4663526
-0.2351744	-0.259811	0.36173224	-0.28061768	0.22113793	0.23287785	0.22097895	0.31142375	-0.28814375	-0.24194331	0.317689	0.3007274	-0.27896267	-0.3125525	-0.24092571	-0.29690355
-0.12864594	-0.057685923	0.12071693	-0.12247985	0.08580751	0.093274966	0.06915961	0.07488423	-0.068558514	-0.11560675	0.15422355	0.07443384	-0.12620701	-0.08877321	-0.051570997	-0.072527476
0.34624925	0.35638058	-0.4906789	0.4175398	-0.4054416	-0.47133082	-0.34557724	-0.43407556	0.3270711	0.45015898	-0.40076107	-0.4264564	0.36566123	0.48633432	0.38163933	0.42064267
-0.1890688	-0.2233006	0.20954794	-0.093302645	0.16002701	0.14774315	0.20118491	0.23132713	-0.122293174	-0.18278049	0.18120836	0.2550896	-0.21072899	-0.17800422	-0.17333066	-0.1299097
-0.16762903	-0.100094266	0.15491733	-0.17843841	0.09335421	0.08249591	0.11594071	0.15893786	-0.13623987	-0.13697769	0.15691148	0.16408937	-0.16071859	-0.16800141	-0.14483961	-0.12025076
0.2513676	0.38601506	-0.43188876	0.21969657	-0.33513027	-0.3435409	-0.29189208	-0.3912676	0.27542758	0.33191833	-0.4016242	-0.40867388	0.27683252	0.36084068	0.36005008	0.3620534
0.18860753	0.30394122	-0.295742	0.1484162	-0.2395096	-0.27234203	-0.18656237	-0.31546888	0.24482492	0.27664638	-0.29590753	-0.2833837	0.17363036	0.3145935	0.22941735	0.22862093
-0.14043118	-0.15324283	0.18789263	-0.22054201	0.14274412	0.23126394	0.18003507	0.23927432	-0.19188826	-0.14961644	0.22275455	0.17733549	-0.15824872	-0.24502894	-0.13611768	-0.13202025
-0.24970946	-0.26266938	0.3000438	-0.31675825	0.2643417	0.29463342	0.26729858	0.2664982	-0.26003447	-0.2603131	0.25488484	0.29220465	-0.31533486	-0.25552103	-0.2289761	-0.24919352
-0.0030268456	0.003538694	-0.0062498725	-0.0938411	0.023314962	-0.0419792	0.05131153	0.08191162	0.0033104639	-0.0598564	0.012826593	0.004153884	-0.05249147	-0.020223306	-0.04785077	0.03365733
0.2766256	0.35189477	-0.30807558	0.253687	-0.29555586	-0.31721315	-0.20397487	-0.32872248	0.29289034	0.29690796	-0.31783393	-0.3015932	0.2063653	0.35283673	0.24618095	0.327914
0.13049379	0.24869487	-0.22047961	0.18305531	-0.18728422	-0.21744365	-0.19145861	-0.14834775	0.19042939	0.20168251	-0.14589742	-0.21429683	0.1472245	0.21474609	0.23193547	0.17542772
0.31507862	0.40360448	-0.37891695	0.2763947	-0.39740512	-0.44295418	-0.27521423	-0.36619833	0.37100604	0.38556883	-0.34713736	-0.37831783	0.34409985	0.38340828	0.37731826	0.41372374
0.30525613	0.3491439	-0.32613146	0.2381154	-0.36668086	-0.3760943	-0.2563471	-0.35814643	0.33720103	0.35933945	-0.36077797	-0.3585741	0.32131833	0.37361878	0.28867754	0.31406686
-0.28665194	-0.28960925	0.3112587	-0.3131414	0.27438194	0.31349102	0.2806902	0.3622074	-0.2914471	-0.28378212	0.31276438	0.3723847	-0.27536392	-0.39580235	-0.31978983	-0.33513767
-0.12922235	-0.16844091	0.22994108	-0.16517745	0.12395307	0.14034356	0.12614791	0.1890406	-0.20815492	-0.15843873	0.2019487	0.23693538	-0.16005452	-0.2111319	-0.19472754	-0.16327071
-0.29704162	-0.3433614	0.35234407	-0.3881104	0.30174693	0.379686	0.31631473	0.34890717	-0.3092721	-0.32928866	0.4009002	0.41396728	-0.31104004	-0.3737767	-0.29200554	-0.27816007
-0.28352803	-0.22358304	0.31013876	-0.31004578	0.30858615	0.2738687	0.30167818	0.28727093	-0.22026405	-0.3137097	0.25477535	0.32212105	-0.270191	-0.30967593	-0.26494062	-0.26331386
-0.07927142	-0.033535145	0.04394718	-0.097657286	0.02013318	-0.017256895	0.024702191	0.009170093	-0.026739916	-0.0927335	-0.0048266845	0.06646492	-0.01788005	-0.018454252	-0.045134995	-0.005733296
-0.09932319	-0.052105367	0.06749545	-0.1469927	0.10020717	0.1148791	0.12922697	0.072521344	-0.06347472	-0.1433513	0.06570898	0.13408434	-0.12905246	-0.07588484	-0.09145308	-0.051909436
0.10974562	0.1556366	-0.107293464	0.14865588	-0.06958725	-0.12344571	-0.12624046	-0.14682536	0.06668308	0.0830962	-0.06935238	-0.13530612	0.07957822	0.11829384	0.11243766	0.0895194
0.024125665	-0.03983569	0.03351971	0.049716305	0.040168837	-0.030927097	-0.032764737	0.010598531	0.03773581	-0.019619962	0.0077907518	-0.057843216	0.06836775	-0.008625948	0.035162177	-0.008268694
-0.7318965	-0.74209464	0.8846198	-0.68012303	0.69039845	0.8286334	0.70046663	0.7907359	-0.6450573	-0.80712146	0.7388263	0.8890762	-0.7807043	-0.802527	-0.77906805	-0.7092264
-0.22813842	-0.167191	0.26141018	-0.15743689	0.18495625	0.1595421	0.1351073	0.17306766	-0.16467153	-0.2394361	0.23158519	0.19522315	-0.17803639	-0.20803912	-0.18535466	-0.2201702
0.08873562	0.16640665	-0.18416055	0.15043235	-0.122600436	-0.18398412	-0.16319658	-0.088261016	0.10350987	0.10929078	-0.1356383	-0.13702044	0.13210228	0.15079917	0.15860254	0.19311664
0.4583761	0.69453317	-0.7198732	0.40642118	-0.612603	-0.66010743	-0.48009202	-0.63428986	0.576877	0.5558626	-0.667206	-0.7184055	0.5571873	0.7001242	0.5858403	0.60820997
-0.09075654	-0.1003672	0.14971042	-0.06768248	0.08630149	0.14212763	0.11878201	0.109192625	-0.100993454	-0.09700619	0.115427226	0.09444656	-0.04994306	-0.147282	-0.105945714	-0.103352666
0.1859242	0.2566669	-0.27276933	0.13564692	-0.2037579	-0.21913032	-0.14293115	-0.24635679	0.20605823	0.16436759	-0.20637	-0.2403354	0.23757184	0.2552341	0.24303983	0.20086546
-0.13402116	-0.15587941	0.11497109	-0.085907884	0.13941257	0.121246964	0.14687432	0.121497385	-0.104221165	-0.10046866	0.08538807	0.10300064	-0.07790825	-0.117606044	-0.1273806	-0.15699814
0.39153942	0.5162323	-0.4647411	0.34239215	-0.46569797	-0.47879255	-0.320561	-0.4569154	0.38892126	0.46360654	-0.42720538	-0.47867924	0.43920666	0.466761	0.41171116	0.4757394
-0.034717157	0.025260018	0.05163814	-0.09053252	-0.016102048	-0.027555276	0.050510667	0.035278168	-0.033332743	-0.05267115	-0.031640317	0.035566393	0.000115845134	-0.043562185	-0.0138257025	-0.023744848
0.19869415	0.3695636	-0.3173892	0.23167168	-0.30853054	-0.36186454	-0.21935064	-0.31855083	0.23299266	0.30033404	-0.3336454	-0.35476038	0.22323619	0.3355586	0.26394975	0.2694023
-0.31587547	-0.43269616	0.4903003	-0.3720073	0.4173719	0.4319616	0.39292514	0.42342252	-0.36119017	-0.37205914	0.3682375	0.506385	-0.41598213	-0.38903722	-0.32508454	-0.389316
-0.007908968	-0.0057100006	0.010398326	-0.084763646	-0.025541756	-0.008593794	0.03882794	0.057108887	-0.003945876	-0.085610926	0.026800895	0.025248421	-0.023994599	-0.053063788	0.020695824	-0.014730387
-0.33790046	-0.38793287	0.48262823	-0.32263514	0.37135556	0.40413764	0.37582868	0.4694529	-0.39943734	-0.4340752	0.3637037	0.4820033	-0.38562882	-0.45865142	-0.37021008	-0.4075886
-0.0969094	-0.04643477	0.083644986	-0.090188496	0.08224333	0.096335426	0.10705975	0.05046655	-0.038849626	-0.108587846	0.11520951	0.097825505	-0.08091364	-0.08982559	-0.023057245	-0.094141796
-0.4187559	-0.43885005	0.44552338	-0.37253416	0.35159513	0.3912725	0.40481475	0.40972745	-0.35983744	-0.4476549	0.4041631	0.5069715	-0.38369927	-0.3762476	-0.3578213	-0.3529302
-0.28727472	-0.31975698	0.39638355	-0.37483907	0.38475567	0.32737243	0.32422858	0.39344722	-0.36854962	-0.32397515	0.33883935	0.41454405	-0.39393762	-0.38527864	-0.32958892	-0.33694205
-0.07465486	-0.08062393	0.10759673	-0.0307928	0.0676698	0.07043549	0.03074389	0.14750169	-0.09817835	-0.111378096	0.078171775	0.10216021	-0.10712967	-0.084359124	-0.14631741	-0.12127228
-0.4597613	-0.46654245	0.50311005	-0.4075592	0.47144163	0.56801224	0.42810258	0.49001724	-0.4927184	-0.48483214	0.5244555	0.60438	-0.4818814	-0.52643275	-0.49378103	-0.49013808
0.28436407	0.3129174	-0.38714254	0.38047692	-0.32207775	-0.37282482	-0.3012621	-0.41821718	0.28064483	0.35993314	-0.31802285	-0.35163307	0.33313206	0.39773944	0.31045982	0.32983068
0.24553367	0.3440307	-0.40009674	0.24541038	-0.36395943	-0.31713286	-0.27588022	-0.3608134	0.30057198	0.29994303	-0.36125094	-0.38849148	0.26849383	0.36767748	0.26600802	0.28728873
0.16647246	0.22291344	-0.20837262	0.19565767	-0.21568586	-0.1930087	-0.15255088	-0.2646858	0.19132444	0.2008845	-0.20118168	-0.24003619	0.25152138	0.25234175	0.24962229	0.209849
0.09333945	0.27959788	-0.24720117	0.07267685	-0.2593606	-0.24867691	-0.15297341	-0.24505424	0.19226208	0.15442517	-0.22646704	-0.25476038	0.102395006	0.20523554	0.24865681	0.21947646
-0.13093951	-0.058466215	0.06755414	-0.14003849	0.048967455	0.11974513	0.06561754	0.08525174	-0.09129515	-0.1055351	0.08901209	0.07042543	-0.06056452	-0.05050154	-0.0833185	-0.036220748
0.46667323	0.42227903	-0.49776566	0.41165033	-0.38109723	-0.44637296	-0.41745806	-0.45149812	0.40717852	0.45561552	-0.40168303	-0.52485204	0.4366692	0.48846453	0.39646986	0.38531956
0.09714093	0.2123709	-0.11359723	0.12526022	-0.15994073	-0.12946796	-0.07277805	-0.12581955	0.16538404	0.093332045	-0.15181248	-0.14707355	0.15292735	0.13863054	0.17782237	0.08906214
-0.10285385	-0.117136896	0.116317	-0.063509546	0.039658505	0.08373408	0.06851122	0.048385315	-0.10756975	-0.050570462	0.122721985	0.11254703	-0.10559709	-0.12952831	-0.105194665	-0.058115944
-0.27935627	-0.28588107	0.3142716	-0.3077874	0.28632778	0.28340846	0.28376287	0.28955764	-0.29828542	-0.24450213	0.30563328	0.32303518	-0.27084017	-0.26558763	-0.25366768	-0.3083009
-0.08973057	0.031889256	0.032875493	-0.07604552	0.029803777	0.07781729	0.01107451	0.078894064	-0.081637435	-0.08316535	0.08541996	0.062017	-0.0912234	-0.024297347	-0.05794535	-0.05212633
-0.6938383	-0.76517224	0.81964153	-0.71935445	0.7133987	0.76261026	0.6321166	0.81446064	-0.7337349	-0.7427802	0.7238506	0.88248605	-0.73262364	-0.76718444	-0.7141954	-0.7204075
-0.2964292	-0.35763937	0.41518116	-0.36683622	0.3396352	0.43584847	0.2955809	0.35616508	-0.32249945	-0.40728906	0.35653958	0.40897012	-0.3423547	-0.41230026	-0.34695745	-0.36075553
0.16148038	0.18204676	-0.20493285	0.103296734	-0.115356654	-0.1685479	-0.11841585	-0.1721194	0.11767085	0.11397028	-0.0925081	-0.098175064	0.08317071	0.15149799	0.17326647	0.11430631
0.19378856	0.3002553	-0.2699615	0.2566551	-0.20563333	-0.27491945	-0.18439208	-0.29752946	0.24839427	0.24381031	-0.2782223	-0.27596074	0.24191846	0.30405906	0.24242061	0.28226516
-0.118635595	-0.09158275	0.12964943	-0.11576056	0.05053673	0.12701002	0.09239077	0.12768011	-0.05897428	-0.11099075	0.055217933	0.068514705	-0.11617305	-0.098843984	-0.052093145	-0.037673064
0.0024596264	0.10275259	-0.022860838	0.06484849	-0.034921285	-0.08379392	-0.06991475	-0.07008906	0.007062934	0.08508378	-0.062558115	-0.10832983	0.047094125	0.06593603	0.077299185	0.053191204
0.17124635	0.24939771	-0.2728798	0.24021283	-0.29239282	-0.28189874	-0.16737808	-0.29100204	0.19001195	0.25627205	-0.25960085	-0.32009432	0.19491632	0.27144933	0.24998249	0.26590818
0.23733667	0.3514827	-0.31519204	0.20543836	-0.29308674	-0.26876023	-0.20325918	-0.31538388	0.22427827	0.20880063	-0.23857366	-0.30928272	0.27052835	0.30867112	0.21295747	0.26260287
-0.40055642	-0.41272607	0.5313302	-0.43604118	0.3912835	0.4105038	0.39878544	0.42186186	-0.4093445	-0.44711235	0.40924492	0.47691166	-0.4855594	-0.46710178	-0.4195319	-0.40966183
-0.12670684	-0.11502017	0.16935118	-0.11438475	0.14473096	0.09783782	0.061001472	0.10282494	-0.10462573	-0.08286824	0.15558954	0.122682564	-0.08732076	-0.07031278	-0.09821506	-0.12565605
0.31154898	0.20748186	-0.29408672	0.30556867	-0.20026447	-0.28840068	-0.28552994	-0.33908534	0.24470723	0.26090145	-0.29994634	-0.30063432	0.309472	0.28410545	0.25219232	0.30554566
0.02073542	0.056498583	-0.06674881	-0.056018744	-0.0058912593	-0.05457873	-0.05125955	-0.05589211	0.06218025	0.03945612	-0.045329355	0.00588633	0.0044870796	0.08678632	-0.0059153647	0.017627131
0.1818468	0.21535182	-0.21439071	0.15211831	-0.15634179	-0.16964743	-0.120495655	-0.22177625	0.19726786	0.15840058	-0.18007208	-0.18344977	0.120733544	0.18582377	0.18532096	0.17383751
0.191939	0.22920969	-0.18996778	0.16474845	-0.16622184	-0.18651465	-0.17851824	-0.22339003	0.19265239	0.22199678	-0.18681607	-0.20282139	0.23781072	0.2366866	0.17271776	0.18408935
0.04437667	0.1792994	-0.15250275	0.061403453	-0.13515268	-0.17274247	-0.12232678	-0.09946236	0.0926852	0.12075861	-0.14404377	-0.12582482	0.05434709	0.09957449	0.12097706	0.124725096
0.16729718	0.23924369	-0.22984238	0.043654606	-0.25419074	-0.21067056	-0.16192722	-0.13802405	0.19491605	0.21314594	-0.20833488	-0.2109458	0.10853071	0.25721315	0.1833952	0.16718937
-0.12454806	-0.13398486	0.14127788	-0.16336927	0.14511403	0.14884196	0.08694849	0.13090274	-0.10238875	-0.18563336	0.11354948	0.17044152	-0.17763963	-0.20292479	-0.16417614	-0.15307795
0.14919478	0.1499838	-0.20296136	0.15396164	-0.18218492	-0.224561	-0.118181475	-0.2045686	0.19367741	0.12518917	-0.17986384	-0.13676965	0.11811554	0.24282274	0.18069722	0.18033357
0.17548814	0.26327923	-0.21833746	0.17365393	-0.18314674	-0.26371405	-0.23837826	-0.19053048	0.24096705	0.24362281	-0.20166314	-0.2555398	0.17616998	0.22662285	0.20295648	0.26044282
-0.2557121	-0.15185314	0.26085111	-0.28193083	0.15948099	0.25702015	0.25112054	0.22802319	-0.18418398	-0.22004464	0.23585027	0.26908976	-0.21946569	-0.16067551	-0.23322788	-0.24553676
0.42480946	0.4298039	-0.4691976	0.3317514	-0.42756438	-0.5010404	-0.35796222	-0.5093616	0.41460758	0.4712716	-0.48031217	-0.48466146	0.41731307	0.4963666	0.478309	0.49152765
-0.1415464	-0.108311415	0.15131088	-0.11101716	0.14771529	0.14641568	0.11893115	0.15002571	-0.096349396	-0.17849104	0.14210752	0.14833888	-0.17206001	-0.1951808	-0.17027138	-0.14537145
0.14367849	0.192552	-0.19917326	0.045356266	-0.15342791	-0.1343633	-0.070682555	-0.11749403	0.12401744	0.16152897	-0.13203356	-0.15543169	0.11093414	0.15686928	0.209281	0.13308477
0.60168225	0.6977917	-0.6858028	0.54628015	-0.67728543	-0.6687808	-0.5434383	-0.743581	0.62090766	0.649295	-0.7106239	-0.7455897	0.6305917	0.74888444	0.65521026	0.67103994
-0.16596499	-0.10765503	0.19301468	-0.16715671	0.08828099	0.17981769	0.10340832	0.18948081	-0.10314527	-0.1450885	0.12697898	0.14749622	-0.095275536	-0.109084025	-0.16379602	-0.1784565
-0.3445241	-0.33909845	0.4207582	-0.38220903	0.33348235	0.35565907	0.37134042	0.40004224	-0.3839468	-0.36107695	0.42389274	0.45507914	-0.35812306	-0.4265621	-0.40404207	-0.37176123
0.16422094	0.27551126	-0.19552696	0.12952827	-0.18138231	-0.19004354	-0.18091781	-0.2528892	0.16225511	0.22342831	-0.2193005	-0.2002761	0.21992038	0.24215788	0.23912603	0.20371908
-0.08269431	-0.119743004	0.11308122	-0.14964981	0.1544372	0.14457136	0.08677587	0.122688845	-0.15700825	-0.10842269	0.09426126	0.17358641	-0.09543608	-0.09368231	-0.1526974	-0.10291973
0.3786657	0.43093675	-0.49589118	0.34696048	-0.4730175	-0.4898577	-0.33264837	-0.44795227	0.40373498	0.4254883	-0.47086376	-0.47497264	0.44567394	0.5049995	0.40735427	0.45522884
0.108146176	0.15873462	-0.21580738	0.044526674	-0.17281748	-0.2315797	-0.09419401	-0.17152816	0.09438906	0.115120046	-0.17977142	-0.17972475	0.11605601	0.20497084	0.20829752	0.14856471
0.17510302	0.32419997	-0.25461617	0.1687326	-0.23121937	-0.29613802	-0.16516125	-0.28979397	0.22331385	0.22623979	-0.27502447	-0.31547916	0.2497784	0.31387842	0.26372504	0.2294758
0.30728847	0.40583703	-0.4175465	0.29365957	-0.3438727	-0.42487437	-0.2343423	-0.33668584	0.26646847	0.33356225	-0.36225492	-0.35485178	0.27396774	0.42973316	0.36527058	0.35996848
0.07372259	0.14292409	-0.11797461	0.07084618	-0.11183722	-0.17933714	-0.05689429	-0.08287746	0.11307658	0.09551173	-0.09512908	-0.16713443	0.14098501	0.15696816	0.09303146	0.1497241
-0.13920337	-0.18461742	0.25021675	-0.15486938	0.2107422	0.16153015	0.19297893	0.16751236	-0.13286275	-0.13525072	0.13901675	0.17801899	-0.15490927	-0.16994236	-0.20705858	-0.14788134
0.259848	0.331167	-0.38251168	0.27288994	-0.26862243	-0.30401307	-0.2248539	-0.35871148	0.25431386	0.27259532	-0.3106175	-0.29105696	0.27376425	0.30198494	0.28254944	0.31058428
-0.65915275	-0.6877574	0.7208173	-0.62779635	0.6128233	0.68159735	0.58503026	0.7303732	-0.645454	-0.64132446	0.7224752	0.796657	-0.6347006	-0.7456375	-0.66323847	-0.6693759
-0.14397043	0.005739345	0.1234457	-0.13994806	0.07726961	0.092976436	0.09566444	0.07803284	-0.12560114	-0.12681343	0.07385729	0.09294925	-0.1133692	-0.048840802	-0.06724422	-0.09515628
-0.1299428	-0.10243971	0.2479545	-0.20309938	0.18507417	0.1629304	0.13464728	0.22599034	-0.18212688	-0.14038797	0.17282368	0.1771018	-0.2118433	-0.19405763	-0.14699483	-0.13486099
0.28554693	0.424321	-0.38415027	0.3036673	-0.41130129	-0.4493757	-0.32695732	-0.36514193	0.3069391	0.33291596	-0.4081319	-0.42948776	0.32276484	0.38462538	0.3553478	0.411349
0.20194699	0.45245966	-0.32993296	0.10825055	-0.26549512	-0.31662798	-0.2037305	-0.26562098	0.24760588	0.24580328	-0.33807328	-0.3274676	0.23184052	0.36465958	0.25725746	0.30993143
0.54412746	0.5906642	-0.6143048	0.5506339	-0.49473837	-0.6338094	-0.5016104	-0.5520556	0.5530869	0.5904821	-0.57287514	-0.64293516	0.5838229	0.5501989	0.49691752	0.52489436
0.2131073	0.2388461	-0.16510056	0.20956682	-0.21115391	-0.24619116	-0.19037439	-0.17132874	0.2240512	0.2312087	-0.18458189	-0.25062305	0.14829418	0.20796643	0.23628178	0.22674096
-0.127381	-0.08633979	0.066488214	-0.15307935	0.05216395	0.11351881	0.060895544	0.09686038	-0.09578658	-0.11740627	0.07910099	0.11793778	-0.05244156	-0.11547269	-0.053531274	-0.12079748
0.10450214	0.2654435	-0.20527838	0.113669366	-0.16597497	-0.22648807	-0.11871856	-0.19532378	0.16522065	0.14500546	-0.19242916	-0.2605882	0.14754538	0.24088122	0.16124316	0.17694597
-0.04892047	0.010192866	-0.045498405	-0.038844194	0.009361781	-0.0352798	0.00913237	0.0199128	0.03560906	-0.004662938	-0.012666328	-0.027743885	-0.004740138	0.0020172582	-0.037624698	-0.00034641204
-0.02712997	-0.1319468	0.07719588	0.038254257	0.11508075	0.10657471	0.029802823	-0.0015746137	-0.005798981	-0.021920536	0.038572118	0.055281036	0.023608668	-0.03802034	-0.055711523	-0.06441663
-0.18302196	-0.19048971	0.25005645	-0.21601431	0.20076251	0.24225618	0.13143231	0.17149219	-0.23343723	-0.19682395	0.2446927	0.21005785	-0.16422498	-0.217307	-0.1861912	-0.1944491
-0.41523227	-0.4015864	0.5138332	-0.3401833	0.4500473	0.42710963	0.40003693	0.4578702	-0.36128962	-0.3737842	0.44244015	0.5259394	-0.383841	-0.45652372	-0.38248292	-0.44510016
0.06464729	0.12439322	-0.07933587	0.0782978	-0.10879058	-0.124629155	-0.07913678	-0.097712606	0.087452576	0.13985243	-0.043341488	-0.111554146	0.14461401	0.09214839	0.086846255	0.063521124
-0.10882606	-0.12772942	0.1235528	-0.12513813	0.101372994	0.1525119	0.13314626	0.15514196	-0.11304823	-0.1516552	0.14588128	0.17033954	-0.16856395	-0.14549352	-0.1332103	-0.18473169
0.21407428	0.2750896	-0.27128103	0.18099065	-0.20230354	-0.2227419	-0.16126429	-0.2030605	0.19659264	0.17389841	-0.23320273	-0.24181037	0.19095549	0.23527934	0.21898867	0.24701595
-0.12537946	-0.2048469	0.14765926	-0.18662193	0.1896202	0.15575135	0.17682235	0.22484215	-0.17450696	-0.16253506	0.16955647	0.25895193	-0.15606374	-0.17966518	-0.13667464	-0.14147334
-0.19740562	-0.10094531	0.17636278	-0.1921537	0.16395317	0.14167786	0.094585806	0.18999298	-0.111926906	-0.15236653	0.1766492	0.11039799	-0.20610493	-0.12508869	-0.14044207	-0.07699595
-0.28516218	-0.39871252	0.36772397	-0.24141674	0.36219513	0.3453105	0.30279088	0.37144518	-0.2736299	-0.33883917	0.36935517	0.38925698	-0.32909957	-0.37762314	-0.36202276	-0.32831594
-0.31172788	-0.2848614	0.3803642	-0.27985337	0.3082329	0.32966304	0.321019	0.37855142	-0.25697094	-0.28170165	0.27016702	0.34143987	-0.33955464	-0.32337764	-0.3381509	-0.31210217
-0.16731939	-0.12914817	0.15939492	-0.29972172	0.18426841	0.12912594	0.15000372	0.22005011	-0.16041446	-0.18260102	0.23098093	0.17506756	-0.17980444	-0.12903509	-0.16175412	-0.17182408
0.34223488	0.45808756	-0.42103934	0.28281143	-0.38132933	-0.39051753	-0.30774727	-0.4379246	0.36378202	0.35928622	-0.42892328	-0.4605117	0.38473618	0.37156942	0.4157901	0.40941694
0.26114446	0.39880767	-0.33725935	0.28845054	-0.36060232	-0.3194557	-0.25451216	-0.30506888	0.32752094	0.3170156	-0.37620866	-0.328094	0.31563115	0.34308085	0.28109974	0.34972712
-0.068819694	-0.08392818	0.06577225	0.005800326	0.012938549	0.04767302	0.064059794	0.04051661	-0.038137406	-0.056853164	0.037811417	0.05631909	-0.07669314	-0.04724205	-0.0004659625	-0.07207147
-0.0072342227	-0.038263153	-0.019098286	-0.09257148	-0.02700597	0.028030904	0.031788748	-0.0066142874	-0.010427949	-0.004696011	-0.01851795	-0.05236799	-0.034200557	-0.00070224726	0.0222173	-0.027060555
0.39572662	0.64545566	-0.5873553	0.3608703	-0.51530737	-0.5775481	-0.394747	-0.5743711	0.45365176	0.50758	-0.5639855	-0.5870289	0.4735999	0.6251645	0.53807753	0.5857364
0.022932716	0.039905008	-0.04680322	0.0013037169	-0.05648413	-0.031574238	0.02344235	-0.08170289	0.05391893	0.02432649	-0.017675815	-0.0348916	-0.012983271	0.04607947	0.0276091	0.039423447
-0.1553776	-0.18080355	0.28203362	-0.23398702	0.15547697	0.18933913	0.22285008	0.20325314	-0.15819173	-0.17564636	0.2231934	0.22903652	-0.16475676	-0.26311994	-0.21865578	-0.17054698
0.4531351	0.45703346	-0.49075365	0.4313322	-0.5086614	-0.47485113	-0.4305897	-0.5364094	0.44864422	0.52387977	-0.5037713	-0.59846646	0.5028502	0.47607312	0.44486028	0.46422827
-0.2591774	-0.31127766	0.33517677	-0.31022057	0.27974868	0.26324305	0.294285	0.27821437	-0.31026357	-0.26940438	0.298855	0.32521644	-0.28790814	-0.28421804	-0.24527967	-0.3170822
-0.23067492	-0.35191694	0.2823963	-0.19382326	0.25868362	0.3356003	0.30186084	0.32931843	-0.31179932	-0.309014	0.35000214	0.363531	-0.30104527	-0.34216598	-0.268845	-0.35802326
0.13242804	0.17820144	-0.08266773	0.0980123	-0.15994409	-0.17401159	-0.10860881	-0.11520606	0.13449763	0.1193899	-0.07072166	-0.11113881	0.100567974	0.118484594	0.11555763	0.08149552
0.59269166	0.6724625	-0.65201735	0.5034379	-0.5795596	-0.64226866	-0.55098486	-0.6739435	0.54185706	0.6284669	-0.6146245	-0.69871306	0.61773723	0.672881	0.62612253	0.6145304
0.23233707	0.35481945	-0.35344988	0.1970684	-0.36685845	-0.40139922	-0.24355522	-0.31975576	0.309586	0.3087408	-0.36223763	-0.42760092	0.33681625	0.36997306	0.3185963	0.36090562
0.3458698	0.40357694	-0.40249586	0.3047544	-0.3300795	-0.44187522	-0.27808678	-0.36107156	0.35240573	0.35501224	-0.3476981	-0.45981568	0.36559805	0.42170355	0.3578638	0.39716092
0.4698105	0.6260439	-0.6789273	0.46851248	-0.5577974	-0.594404	-0.47866306	-0.6195196	0.49148774	0.51664805	-0.6097928	-0.67111075	0.4925653	0.65839845	0.58687997	0.58572835
0.16077697	0.16536929	-0.2611915	0.2051214	-0.22504191	-0.19757318	-0.17589831	-0.23332384	0.14873059	0.19088459	-0.25211105	-0.23175694	0.18932663	0.23504795	0.2056592	0.20577812
0.1670122	0.21956813	-0.21664016	0.09018585	-0.22496647	-0.22199002	-0.2035138	-0.17882878	0.14978914	0.15385984	-0.21317586	-0.20886247	0.19598965	0.20329146	0.23803027	0.18238783
0.31201124	0.5569024	-0.5387818	0.25975582	-0.4404216	-0.540604	-0.30653465	-0.42575207	0.36362264	0.43901333	-0.41906676	-0.49709225	0.3252526	0.5002679	0.46054563	0.4717803
-0.04772448	-0.007130822	-0.01930986	0.03730589	-0.031646103	-0.032210298	-0.021386666	-0.037430562	0.048878558	-0.016746525	-0.04149662	0.0095434785	-0.0020902888	0.03022384	-0.03045584	0.01831574
0.25972944	0.3863069	-0.28323597	0.1564401	-0.30225685	-0.35379374	-0.2159904	-0.31131163	0.23315397	0.29030883	-0.33023044	-0.26928648	0.24738707	0.2991517	0.28700992	0.3378908
0.24495816	0.33260864	-0.24123281	0.258382	-0.22599423	-0.22013454	-0.2584974	-0.25399098	0.2809597	0.25779957	-0.29694778	-0.2670687	0.2058916	0.29242584	0.24036615	0.27687097
0.5172105	0.61212003	-0.68091106	0.48769295	-0.59446466	-0.62333024	-0.55564696	-0.67670596	0.5768029	0.57421666	-0.6050829	-0.69892746	0.59827125	0.6467056	0.6268771	0.6160886
-0.16702278	-0.21077296	0.25854373	-0.17369369	0.19787252	0.18054329	0.16817875	0.18800734	-0.225032	-0.24927059	0.27422175	0.2258077	-0.17347996	-0.2761133	-0.25210327	-0.21925002
-0.09592636	-0.0671664	0.09398555	-0.107313104	0.038064256	0.09675737	0.041435108	0.07853059	-0.038263563	-0.051955685	0.05227759	0.12365102	-0.057478596	-0.10249138	-0.12328415	-0.13495803
0.13234612	0.1131412	-0.13372383	0.077940315	-0.080169484	-0.17191768	-0.10983116	-0.1333043	0.11768838	0.07300879	-0.071116	-0.14330748	0.055862788	0.16107534	0.10597227	0.15770872
-0.25352782	-0.17893676	0.31101614	-0.24354157	0.2540389	0.27333122	0.23429102	0.2985823	-0.25814685	-0.26412266	0.21556377	0.25269055	-0.28719643	-0.2651874	-0.20226608	-0.25904834
0.064100936	0.15776055	-0.122495666	0.08711379	-0.10126038	-0.14501035	-0.07586942	-0.13775603	0.075660504	0.10626349	-0.10215118	-0.10329093	0.03950673	0.13423668	0.12317443	0.11877789
-0.03988829	-0.08205893	0.07283339	-0.10584556	0.033171523	0.039365318	0.10630755	0.08280687	-0.1271388	-0.11499899	0.08267416	0.058304373	-0.07004222	-0.02205238	-0.11625966	-0.06613946
-0.29191136	-0.28082007	0.2782464	-0.324181	0.24874951	0.25630277	0.31868333	0.3209221	-0.30913758	-0.2623548	0.35884026	0.29049304	-0.32543492	-0.30211368	-0.22131237	-0.26579463
0.06909562	0.07433264	-0.08474236	0.0061138854	-0.012164871	-0.053437937	-0.02761815	-0.04787578	0.037607174	0.033207837	-0.046762995	-0.013316186	0.026804961	0.04715509	0.09290048	0.02059053
0.054479837	0.19858299	-0.11565646	0.022050302	-0.12121614	-0.11218258	-0.10207575	-0.17281713	0.106661975	0.12952672	-0.11088356	-0.14692554	0.06183513	0.1120752	0.12262308	0.12470742
0.44104683	0.48308265	-0.47493964	0.358802	-0.47511184	-0.4568812	-0.37323076	-0.5108992	0.46331328	0.44209516	-0.5133305	-0.5182425	0.46562728	0.4495904	0.49454698	0.46050403
0.0005283439	0.065247074	-0.06353148	0.049338736	-0.060218193	-0.07896855	-0.0740095	-0.036315385	0.07601275	0.052579932	-0.08675343	-0.02783595	-0.0035035934	0.100416996	0.09735872	0.09627346
0.086045235	0.08583858	-0.09210271	0.028990593	-0.10272771	-0.09671431	-0.07079152	-0.022959255	0.013740863	0.0077852136	-0.032575656	-0.030622557	0.044241536	0.06858124	0.0324074	0.04066951
-0.018670565	0.052984167	0.020131923	-0.04769326	-0.010772202	0.00055345363	0.01951092	0.0486613	0.031780027	0.030408785	0.021172367	0.030783525	0.007054051	0.0013017466	0.00025189656	-0.0011412747
0.08661422	0.086289346	-0.07423349	0.038436033	-0.036265064	-0.050656646	-0.0012374689	-0.04715645	0.06492503	0.07799664	-0.06783713	-0.052382357	0.040393516	0.049567405	0.0663032	0.06376896
-0.2435104	-0.16368023	0.30774567	-0.22547863	0.18700857	0.2653104	0.24685049	0.24724092	-0.21932141	-0.27479008	0.25026008	0.25613743	-0.2766384	-0.28682366	-0.23780443	-0.27523938
-0.08082488	-0.024138696	0.037327796	-0.048586126	0.032415763	0.07033502	0.043082826	0.11632074	-0.07295663	-0.08507974	0.019880582	0.043451812	-0.07702501	-0.066614255	-0.054877635	-0.10585749
-0.19478984	-0.1758746	0.22230425	-0.17280333	0.18422271	0.15670192	0.19273242	0.19838056	-0.16588454	-0.20359178	0.15756273	0.17728843	-0.12888354	-0.14927377	-0.18574658	-0.12723747
0.014115745	0.1110466	-0.102152586	-0.028708454	-0.048697494	-0.052344587	0.012865222	-0.06372847	0.066927575	0.024193712	-0.06571657	-0.058873195	0.08403154	0.103856035	0.08248242	0.019272218
-0.008860237	-0.030285338	-0.039855033	-0.017203212	0.023964392	0.01273323	-0.0076003736	-0.025428733	-0.020913122	-0.05792432	-0.026628159	-0.013818117	-0.04503312	-0.020036696	0.053176682	-0.017183425
-0.30997854	-0.40003157	0.42206362	-0.371271	0.39932773	0.3809019	0.37725505	0.41640094	-0.347554	-0.3799017	0.4168802	0.42638153	-0.3588704	-0.4148087	-0.4026277	-0.3958909
0.24028544	0.3001543	-0.27986723	0.21312237	-0.29737693	-0.25975624	-0.222906	-0.26723683	0.21785349	0.25293657	-0.2573327	-0.3036856	0.20561783	0.22429572	0.24630623	0.284934
-0.6085728	-0.65799075	0.7389678	-0.6398019	0.6056025	0.7265373	0.5593372	0.73781997	-0.5506898	-0.64490503	0.6691168	0.75145894	-0.608691	-0.7092334	-0.61196935	-0.6030463
-0.32489467	-0.42970386	0.38174048	-0.28916264	0.3826138	0.3706833	0.3344091	0.42401227	-0.3596713	-0.41190252	0.38931793	0.43650138	-0.34562114	-0.36466163	-0.36582968	-0.36073127
0.22980846	0.15899928	-0.2760158	0.26575053	-0.19754681	-0.23175919	-0.28476948	-0.3163613	0.27513948	0.29301113	-0.2694406	-0.26395848	0.23898895	0.24575402	0.2723933	0.20207886
0.0898908	0.047121804	-0.057664353	0.09783282	-0.09400525	-0.019611979	-0.08705263	-0.046086274	0.063148424	0.026345842	-0.08922643	-0.033489957	0.033576205	0.13235314	0.10931576	0.06846039
0.30337018	0.44218606	-0.4249184	0.2661259	-0.33860666	-0.43852141	-0.30642086	-0.37867233	0.32806504	0.33593905	-0.40073368	-0.47486496	0.29753384	0.3733263	0.32217252	0.40135515
0.0456279	0.05201641	-0.0059265164	0.06743245	0.029758822	0.011410278	-0.051429234	-0.06718258	-0.0077749756	0.053251833	0.016916854	0.03192582	0.017397946	-0.0034751813	0.016162014	0.024536118
-0.05715987	-0.046553705	0.049554806	-0.07493402	0.015023735	0.026058067	0.056407925	0.040462606	-0.09790574	-0.034400996	0.06787528	0.071744524	-0.0898691	-0.08480673	-0.043054372	-0.0987291
0.5598476	0.5673803	-0.6059859	0.4868424	-0.536815	-0.5792307	-0.53561914	-0.59670603	0.5474995	0.5719048	-0.6500922	-0.638503	0.57422334	0.6448512	0.5543256	0.61014557
0.30783108	0.33824137	-0.39732817	0.3335363	-0.35001802	-0.3420235	-0.3256928	-0.41341457	0.36603191	0.3622978	-0.33708903	-0.40569142	0.314033	0.36591092	0.36695302	0.37580067
0.42065623	0.6180847	-0.6195513	0.4076309	-0.56281626	-0.59416044	-0.4386438	-0.529192	0.41849598	0.528464	-0.52280474	-0.64198977	0.50484455	0.5941185	0.5064912	0.553514
0.3286591	0.33763316	-0.40398395	0.22190747	-0.31590405	-0.38818687	-0.32055822	-0.30646247	0.306828	0.33318985	-0.30753893	-0.3837554	0.34462205	0.37710655	0.32160005	0.28349823
-0.2193211	-0.24134491	0.2625695	-0.22377555	0.21016191	0.21766402	0.23017392	0.2516942	-0.23118827	-0.29235232	0.29517362	0.27322897	-0.26022932	-0.29953763	-0.21378155	-0.2782206
-0.5033849	-0.5717399	0.6352182	-0.49797153	0.5929518	0.63993883	0.53250676	0.6537997	-0.5293191	-0.59846497	0.63123536	0.6460815	-0.5755945	-0.5835363	-0.5814519	-0.60577935
0.2440464	0.32553712	-0.34483895	0.24842839	-0.31489953	-0.3429708	-0.28656518	-0.3417258	0.28527108	0.29462385	-0.2769605	-0.36322355	0.27444223	0.29155123	0.3442557	0.288916
0.50332963	0.5185833	-0.5825385	0.48054937	-0.5264339	-0.6165288	-0.4784334	-0.58379143	0.5301285	0.4930416	-0.5746988	-0.551843	0.525202	0.5857557	0.53233963	0.543763
-0.11348557	-0.19427736	0.17557235	-0.08821347	0.2009361	0.21156271	0.18210457	0.23322433	-0.19690102	-0.16479114	0.15670021	0.22459008	-0.21275946	-0.18276925	-0.21392632	-0.24056381
0.53253865	0.5835839	-0.7162274	0.58685565	-0.59858286	-0.69878376	-0.50637376	-0.63984495	0.6055219	0.6266834	-0.66939425	-0.7221857	0.63908637	0.68169516	0.6544883	0.6258586
0.5350706	0.5778939	-0.5764301	0.50518477	-0.57475436	-0.63673013	-0.46541306	-0.5987071	0.5358985	0.572004	-0.57960415	-0.6606212	0.5298105	0.5787048	0.5150005	0.5637011
-0.15591916	-0.19108441	0.24279197	-0.23888627	0.16399486	0.17959522	0.21771082	0.17351843	-0.14488472	-0.1886045	0.18523264	0.27441576	-0.18232633	-0.21373387	-0.17154926	-0.20342854
0.1991402	0.20741518	-0.261715	0.22187148	-0.22299412	-0.18261124	-0.1514067	-0.2074646	0.20722406	0.19191581	-0.22742745	-0.19076385	0.17286712	0.23420183	0.20702296	0.22330903
0.17631729	0.1859579	-0.2445177	0.1935618	-0.19907297	-0.15685841	-0.1946429	-0.19238031	0.16298528	0.1399133	-0.1698674	-0.16266374	0.116462104	0.24350168	0.16710448	0.17388345
-0.05148802	-0.08965977	0.023428751	-0.005171952	0.010564105	0.041728757	0.027301062	0.033651035	-0.040510304	-0.096633755	0.05045092	0.0150724845	-0.050681878	-0.05657252	0.002330186	-0.063906096
-0.13235922	-0.06444523	0.14217307	-0.20471238	0.079015	0.069255844	0.14676122	0.11948744	-0.15432656	-0.19601537	0.15744334	0.13413939	-0.151307	-0.11710114	-0.063870564	-0.1414134
-0.30080903	-0.22453482	0.3425649	-0.27321315	0.26242867	0.306849	0.27541554	0.28148428	-0.28733617	-0.25690234	0.26057965	0.34867203	-0.24176365	-0.25291047	-0.2382871	-0.2441067
0.033608645	0.058477446	0.045046724	-0.028862948	-0.026271814	-0.034914758	0.0026548635	-0.040326867	0.015220468	-0.030126859	-0.021964509	-0.04585097	0.024196668	0.03687527	-0.038518842	-0.0015813505
0.42003882	0.5512464	-0.55795306	0.35486484	-0.48567906	-0.5463537	-0.36843267	-0.4463246	0.40252867	0.49296516	-0.4936407	-0.5254441	0.43831804	0.5427497	0.46671185	0.5111508
-0.016901454	-0.07207227	0.07252321	-0.04613002	-0.0047492697	0.08261889	0.005838303	-0.0154570555	-0.01684711	-0.011060661	-0.01834	0.09139104	-0.0151673155	-0.031185776	0.000686844	-0.06553777
-0.26634198	-0.25997204	0.21873222	-0.2715221	0.17339064	0.18178767	0.25150666	0.22932574	-0.19675845	-0.2585626	0.22923614	0.30438548	-0.25182897	-0.2788458	-0.21929806	-0.19984749
-0.51735634	-0.4476348	0.61860096	-0.5608856	0.54575044	0.5794204	0.4599444	0.560355	-0.5269135	-0.57196206	0.55233395	0.5655231	-0.5135276	-0.5281947	-0.5317478	-0.5120214
-0.21053115	-0.2405729	0.19508953	-0.22336416	0.2173329	0.24384207	0.18060824	0.25602436	-0.19249007	-0.21833134	0.19093093	0.26973283	-0.2332413	-0.19062372	-0.21736224	-0.22242862
-0.18253537	0.022036184	0.049678046	-0.24444036	0.03617975	0.058884695	0.11454068	0.15690623	-0.1323575	-0.16161966	0.06834472	0.074924916	-0.17248169	-0.109945856	-0.035859834	-0.04877651
0.14927098	0.19976357	-0.1520703	0.06436357	-0.12799394	-0.19619	-0.16506793	-0.10624155	0.12297515	0.11297494	-0.13742743	-0.16339758	0.08831751	0.19807734	0.10487517	0.09879826
-0.014781335	0.0048051323	0.005281432	-0.00911313	-0.028413106	-0.00046710827	0.017044522	-0.0021338237	0.029343111	0.019149717	-0.04520533	0.031919103	0.06594195	-0.018788228	0.014607397	0.066882245
-0.21402752	-0.21753834	0.2604801	-0.17950921	0.23996708	0.2179657	0.17951383	0.24900092	-0.20912218	-0.20962162	0.17349946	0.21996255	-0.18513401	-0.25623786	-0.16415775	-0.24278271
0.51258373	0.5372622	-0.6320977	0.4393016	-0.4877501	-0.5671851	-0.4334248	-0.5354894	0.48507974	0.53070533	-0.5045374	-0.593536	0.528399	0.52685213	0.5678109	0.51596725
0.15906721	0.3148792	-0.23868753	0.0933258	-0.21337509	-0.2653461	-0.12842874	-0.22453088	0.20363013	0.19556457	-0.23254023	-0.23483685	0.17025952	0.26943097	0.24901159	0.27005422
0.3432855	0.42454168	-0.37790617	0.29141396	-0.32294148	-0.4436358	-0.32763535	-0.3720161	0.328739	0.3863542	-0.40242165	-0.40633547	0.35985523	0.35866246	0.32275814	0.35608575
0.18303359	0.37055713	-0.25586787	0.07094794	-0.29901928	-0.31740224	-0.18962942	-0.2729658	0.16866918	0.23439023	-0.2695465	-0.2922142	0.12939169	0.32477874	0.30320737	0.25761053
0.14689869	0.2352621	-0.18677004	0.025905158	-0.22415063	-0.24168804	-0.1094393	-0.16252792	0.12269503	0.1188435	-0.14556952	-0.23055993	0.15484695	0.2631388	0.23415375	0.21646252
0.3626473	0.5143974	-0.5616991	0.3782081	-0.43830538	-0.5017541	-0.38771397	-0.49168113	0.43909642	0.4733954	-0.48667362	-0.58544934	0.41689554	0.4982074	0.43446377	0.44571418
-0.020526912	-0.037618417	0.032197554	-0.011044626	-0.0076798336	-0.004631257	-0.020351386	0.041259963	-0.015859805	-0.045536313	0.058724865	0.0080133	0.033427194	0.03649375	-0.008019324	-0.01313494
-0.39134637	-0.45187283	0.517405	-0.45974565	0.44856608	0.4281034	0.37014094	0.49917004	-0.41053134	-0.46772608	0.4442129	0.4910797	-0.4642151	-0.48435378	-0.40728518	-0.38509473
-0.085266136	-0.09442846	0.12987949	-0.16597356	0.060889076	0.09341735	0.14764403	0.10492754	-0.11732678	-0.081405014	0.12961525	0.12545885	-0.110248394	-0.123314	-0.07041756	-0.1256289
-0.10042734	-0.052768834	0.13207392	-0.08442595	0.067086	0.014370199	0.10542499	0.09260268	-0.06033776	-0.07860759	0.047719255	0.122448795	-0.06694824	-0.13497974	-0.10191577	-0.064236104
-0.5034168	-0.48433778	0.5630822	-0.4903871	0.48677716	0.54053223	0.48094717	0.51102966	-0.5006226	-0.5037398	0.5954158	0.60933506	-0.5522288	-0.56877804	-0.5362824	-0.5657851
-0.16968869	-0.14807175	0.18467715	-0.1616677	0.13337353	0.20541872	0.20736957	0.22928739	-0.149009	-0.20626757	0.15672584	0.18501393	-0.24705327	-0.1544923	-0.13127446	-0.18301144
-0.0796269	-8.342076e-05	0.055573527	-0.13181931	-0.0043594893	-0.045370225	0.0009733129	-0.01082358	0.022299696	-0.070185535	0.018357327	-0.028508862	-0.029809937	-0.03283411	-0.02360388	-0.025912877
0.27108818	0.41218558	-0.39538607	0.27557433	-0.36634228	-0.3345029	-0.34031996	-0.33566752	0.3462954	0.37700513	-0.3324359	-0.41098905	0.36668825	0.37901357	0.34047288	0.39764938
0.43817654	0.53431314	-0.54527557	0.45870638	-0.4857067	-0.50206876	-0.46945935	-0.56267935	0.4966128	0.4667102	-0.5727604	-0.5772087	0.5317219	0.59369653	0.5538704	0.49892357
-0.62294024	-0.5772262	0.6907368	-0.621312	0.5915852	0.6928411	0.60649115	0.6477112	-0.5474394	-0.6435794	0.6554942	0.6815141	-0.6135449	-0.6794622	-0.5822446	-0.6114616
0.11878983	0.23939493	-0.15264317	0.108700626	-0.19163114	-0.16818517	-0.13684891	-0.19945243	0.11990392	0.13872243	-0.14771692	-0.21075375	0.12929745	0.2163099	0.19542897	0.21489303
-0.6025117	-0.6278631	0.6909531	-0.6167169	0.6042529	0.6488183	0.5925152	0.6556465	-0.5820484	-0.6762605	0.6149104	0.72729105	-0.59573966	-0.68829846	-0.6417479	-0.62465453
-0.5668518	-0.6762553	0.74049026	-0.55842626	0.5943148	0.6285365	0.5557078	0.6720132	-0.6213668	-0.61490506	0.6081883	0.7133147	-0.6705938	-0.6455111	-0.6247162	-0.6198323
-0.42397013	-0.4830317	0.5846125	-0.42328897	0.52505845	0.5601413	0.4199784	0.5121467	-0.47978574	-0.46749458	0.48861954	0.5942188	-0.47998407	-0.5907089	-0.4615781	-0.50368387
0.2567562	0.37357953	-0.30084932	0.34960416	-0.32994953	-0.36160967	-0.3004477	-0.32052323	0.27596092	0.32736635	-0.3570117	-0.33280143	0.29847887	0.3530242	0.34226432	0.27315804
-0.14139734	-0.17034838	0.096679576	-0.14055596	0.11061079	0.13768762	0.12805061	0.12465017	-0.09649726	-0.07968722	0.078843854	0.15179668	-0.11385539	-0.1676299	-0.10103647	-0.083530076
0.15258163	0.14916135	-0.1781061	0.14348392	-0.07705359	-0.1452897	-0.13658428	-0.16850999	0.079471424	0.12867963	-0.09491819	-0.12029221	0.15351206	0.1289217	0.08721905	0.07952808
0.1403374	0.20214516	-0.101623915	0.15391852	-0.176793	-0.20279841	-0.16812691	-0.12793821	0.12998864	0.1645586	-0.11866947	-0.18090458	0.14192311	0.15171899	0.124776684	0.10434611
-0.13105142	-0.09735638	0.14406158	-0.10235969	0.09301001	0.11481219	0.11074231	0.07666517	-0.09611478	-0.14932486	0.14361651	0.15270323	-0.09667903	-0.095161885	-0.1021065	-0.08812345
0.5739734	0.6353558	-0.68629944	0.5375945	-0.61486316	-0.7138623	-0.59320384	-0.6368433	0.58885777	0.5899659	-0.6171161	-0.73628145	0.6155217	0.6237054	0.59746134	0.66914856
0.098703034	0.072639756	-0.14949238	0.097033836	-0.09414653	-0.15311156	-0.061950415	-0.08034627	0.107791916	0.06679328	-0.07530731	-0.1500603	0.13748176	0.077403076	0.07715647	0.1058763
-0.07955916	0.028642459	0.12443407	-0.19879574	0.04781643	0.07848723	0.04491305	0.078012995	-0.06418768	-0.10590177	0.06067979	0.09246235	-0.082320064	-0.078549266	-0.043581348	-0.06477762
-0.18658195	-0.11610886	0.20368543	-0.09457398	0.1842889	0.15116668	0.12631312	0.15421697	-0.0937207	-0.13515262	0.16125269	0.23262075	-0.1955308	-0.1666898	-0.1721509	-0.17471841
0.19332838	0.3872331	-0.32464707	0.095787205	-0.2744222	-0.35285133	-0.24018553	-0.32589212	0.27796164	0.20837735	-0.26778868	-0.3118628	0.23917073	0.34387505	0.32796875	0.26015633
0.5160389	0.5766235	-0.6721458	0.45761862	-0.50957006	-0.58649683	-0.47556576	-0.5502405	0.51789844	0.5552783	-0.6018591	-0.6799854	0.4939946	0.6328094	0.5555895	0.5424254
-0.09189617	-0.098742746	0.09594472	-0.11422314	0.12438809	0.08632995	0.056622617	0.12925526	-0.09708446	-0.14345719	0.11352751	0.12918606	-0.11380157	-0.11008244	-0.09615265	-0.045112528
0.24578455	0.35818756	-0.3571656	0.31356508	-0.32450533	-0.33992824	-0.27078083	-0.35021636	0.28018028	0.26893756	-0.36268592	-0.32264352	0.29741016	0.34763628	0.3467606	0.30323696
0.4900603	0.5963372	-0.65167624	0.5722222	-0.54484206	-0.6606865	-0.47116393	-0.6429566	0.49859315	0.5779937	-0.62966245	-0.6079027	0.55705696	0.5735264	0.5646749	0.59110093
0.30682948	0.32193422	-0.3571729	0.33268592	-0.3230416	-0.30585963	-0.28639695	-0.37013358	0.30738097	0.30209786	-0.3301549	-0.3035071	0.3396985	0.36585915	0.29532176	0.33053485
0.33004907	0.49172848	-0.5140012	0.32209194	-0.4653343	-0.46195015	-0.3554133	-0.44092044	0.40097508	0.39829865	-0.473354	-0.49745294	0.44244376	0.4711983	0.39944705	0.46877456
-0.22317857	-0.2057611	0.27569515	-0.32934695	0.28062567	0.3039199	0.22679731	0.3179714	-0.22934118	-0.30763522	0.2917535	0.30437213	-0.30488965	-0.25336277	-0.29122448	-0.29951322
-0.08270549	-0.16167451	0.18613656	-0.053841323	0.10334602	0.1950451	0.11524928	0.16464823	-0.12584646	-0.16672537	0.106684744	0.14933696	-0.09125871	-0.2026895	-0.13802026	-0.14435607
-0.18737966	-0.09241034	0.16752909	-0.31298834	0.16601062	0.16720203	0.2361409	0.2064776	-0.17160675	-0.19393638	0.23313496	0.17333576	-0.26837772	-0.18410158	-0.17842671	-0.22354761
-0.334247	-0.27804947	0.34285298	-0.3333103	0.3082593	0.35283664	0.2605543	0.37271488	-0.30571193	-0.35747784	0.3081927	0.38743985	-0.32277343	-0.31852075	-0.3482165	-0.28992772
-0.4490013	-0.58625585	0.5838591	-0.49959528	0.48602208	0.53573596	0.48754546	0.5924319	-0.4638926	-0.50421226	0.53884953	0.61813945	-0.58110017	-0.5603192	-0.5476134	-0.5050072
-0.51248324	-0.612179	0.59954727	-0.53977275	0.49896073	0.544376	0.4808427	0.5731745	-0.52989006	-0.5555109	0.61765766	0.6674631	-0.53198147	-0.5754398	-0.55242395	-0.57612735
-0.41664925	-0.42803934	0.42999393	-0.42106375	0.34954986	0.43307558	0.3793499	0.48461786	-0.43228737	-0.4405958	0.41180235	0.50150025	-0.4258138	-0.474049	-0.38200268	-0.45771512
-0.13472626	-0.116373904	0.15677145	-0.1622688	0.20015255	0.13089079	0.18907763	0.1785198	-0.102609836	-0.14894357	0.122726545	0.14295432	-0.115940325	-0.20608145	-0.14250211	-0.18019713
-0.30439335	-0.2973046	0.33151037	-0.30098268	0.33825156	0.33377534	0.28811157	0.3393903	-0.30019605	-0.31025773	0.2926345	0.32269803	-0.3058781	-0.32063764	-0.29299563	-0.3379527
-0.25045428	-0.25362268	0.2748711	-0.23664948	0.24188773	0.24746135	0.21589074	0.24759224	-0.21799628	-0.25927472	0.24344784	0.23565997	-0.22997934	-0.23563695	-0.21375424	-0.24617311
0.16476166	0.28738394	-0.24908881	0.18231061	-0.2754541	-0.31937698	-0.21952146	-0.20281737	0.19987188	0.27180865	-0.21069695	-0.2820641	0.24300675	0.30050933	0.20439014	0.21444647
-0.14154442	-0.11916126	0.12857124	-0.18304995	0.14115305	0.12954655	0.13174702	0.16236	-0.13605963	-0.14893275	0.14109783	0.21491033	-0.16980277	-0.12346464	-0.0921426	-0.16920345
-0.17845818	-0.23622175	0.28719294	-0.13534509	0.16787647	0.1868668	0.17713048	0.18880557	-0.1702691	-0.20020382	0.19831248	0.2941775	-0.25464028	-0.19177312	-0.24276423	-0.25200397
-0.34141046	-0.39946952	0.4591646	-0.42879015	0.37976447	0.44814995	0.34323436	0.41598737	-0.3281686	-0.37679008	0.38692892	0.44614744	-0.4060217	-0.45916745	-0.4014076	-0.3892516
0.08403861	0.16223297	-0.11963375	0.034245547	-0.12900436	-0.15863289	-0.10929073	-0.062139858	0.12306615	0.107641876	-0.111127704	-0.12219777	0.03613459	0.1089846	0.15635803	0.116701774
-0.28286517	-0.31033993	0.34597844	-0.32959878	0.2929883	0.3431815	0.27397963	0.37128568	-0.31551307	-0.31983173	0.3180199	0.43884838	-0.3674948	-0.36695403	-0.31955725	-0.36305615
-0.055154365	-0.05785883	0.050376974	-0.015701365	0.021420125	0.04107994	0.044624653	0.086542785	-0.04546525	-0.045626417	0.07440321	0.04891762	-0.117391355	-0.10413129	-0.061552167	-0.0880879
0.2836333	0.18810315	-0.2725814	0.33622143	-0.23251413	-0.14773937	-0.20811546	-0.25852746	0.20979482	0.21425384	-0.1862077	-0.25067115	0.19417489	0.21622063	0.20846032	0.19677892
-0.18808359	-0.20364964	0.20962942	-0.21775912	0.23903623	0.26562744	0.14768952	0.1975844	-0.17230666	-0.26808557	0.18345122	0.29096568	-0.23352274	-0.27995756	-0.21137093	-0.24610329
-0.1762081	-0.14304431	0.1649862	-0.1818476	0.12358817	0.12947069	0.10871329	0.14880832	-0.08702894	-0.18915763	0.1673826	0.1423008	-0.14982966	-0.109691106	-0.08564527	-0.16075382
-0.012842157	0.061795123	-0.030135375	0.032043632	-0.015460205	-0.05641221	-0.03009502	-0.07315369	0.0075575467	0.017636431	-0.073929414	-0.0072158147	-0.021658815	-0.01279066	0.04910826	-0.018024124
-0.07089278	-0.015871791	0.06482596	-0.12901847	0.043695714	0.09960067	0.08067666	0.012881305	-0.0041000256	-0.020339174	0.033382293	0.04910819	-0.034100093	0.009621726	-0.052064665	-0.055699926
0.14917739	0.06957641	-0.11973322	0.14998771	-0.14049828	-0.058838747	-0.15577282	-0.103170365	0.12652689	0.08648956	-0.09870724	-0.12205583	0.16173378	0.17071164	0.112844475	0.15732595
-0.16772	-0.24917033	0.28097603	-0.16532752	0.23625703	0.21402873	0.18712358	0.23420334	-0.22066115	-0.20010152	0.19621652	0.24609609	-0.25101718	-0.25168505	-0.19228344	-0.25048563
0.052672762	0.10519236	-0.01457249	-0.083233364	-0.076937504	-0.13645115	-0.020146996	-0.09524141	0.0775383	0.00045827168	-0.0016697966	-0.101100124	-0.0036130052	0.13355899	0.06534057	0.08460499
-0.20677672	-0.2033952	0.30118307	-0.29714894	0.29582778	0.3107831	0.27775908	0.23672661	-0.2708995	-0.29317462	0.22972006	0.30446184	-0.26303416	-0.31185105	-0.28793943	-0.25023815
-0.51143265	-0.61446726	0.6461434	-0.5733271	0.50057673	0.598425	0.545676	0.6245842	-0.5402461	-0.608934	0.5854374	0.69286084	-0.58221006	-0.59226763	-0.5374135	-0.6056016
0.08169267	0.094729275	-0.047012992	0.0918695	-0.10171504	-0.0992099	-0.06935818	-0.13319635	0.097169295	0.11329565	-0.06409661	-0.04968562	0.10496556	0.11405394	0.10644897	0.12883076
0.18703987	0.26023686	-0.24991749	0.12394547	-0.25387043	-0.31300175	-0.15958673	-0.22532606	0.23593813	0.1920654	-0.27345365	-0.2904626	0.15860137	0.26736414	0.26197594	0.2929609
-0.47340187	-0.60436654	0.66176856	-0.5075566	0.49794906	0.53855073	0.4956207	0.61160564	-0.45725566	-0.53699714	0.53770167	0.66577065	-0.5836897	-0.57111216	-0.49615228	-0.49950793
-0.31649408	-0.2684982	0.29150614	-0.24114643	0.32841173	0.29521668	0.30965725	0.34262305	-0.23542583	-0.28880754	0.31624082	0.3184099	-0.2908429	-0.2891156	-0.24769525	-0.29847127
-0.13655393	-0.097851686	0.05819653	-0.09723375	0.09168479	0.14473063	0.11589253	0.14389138	-0.10995613	-0.10072745	0.09303094	0.08504779	-0.084995404	-0.124976724	-0.102792606	-0.14269833
-0.17246386	-0.07982317	0.19170362	-0.112177394	0.1092176	0.16770275	0.17180178	0.12174669	-0.17556377	-0.17452279	0.17726311	0.12476408	-0.124045245	-0.11047154	-0.18083107	-0.14164889
0.25656372	0.30225983	-0.41097048	0.24312925	-0.31961843	-0.38377452	-0.24496949	-0.36215493	0.27330253	0.37740755	-0.35840723	-0.42556098	0.35107774	0.320508	0.3309952	0.33146203
0.015007301	0.0069491444	-0.016695311	0.034220602	0.013800367	0.028399507	0.020370912	-0.021266561	-0.009560384	-0.011078797	0.029259747	-0.025559722	-0.0019799385	-0.034092735	0.05158514	-0.0069894437
0.023845177	-0.021706551	-0.016244309	0.011881293	-0.005224035	-0.0021044486	0.04465018	0.02392519	0.011030982	-0.018624876	0.04405602	0.030799005	0.026025945	-0.01892971	0.03245646	0.005700934
-0.12972477	-0.16062951	0.14479822	-0.20931174	0.15363637	0.19820774	0.2084485	0.14769849	-0.14561081	-0.16954051	0.18755367	0.20877203	-0.15767612	-0.15792327	-0.16009283	-0.18410829
-0.023433862	-0.057210766	0.0388773	-0.05732662	0.11598589	0.10485136	0.037289307	0.053402193	-0.064052336	-0.049869675	0.027698094	0.06985304	-0.06911622	-0.037816036	-0.04577095	-0.10425601
-0.051395543	-0.060328126	0.053873476	-0.14440815	0.011957397	-0.004733393	0.021261726	0.05530048	-0.045951575	-0.07135721	0.10498825	0.029671356	-0.057107363	-0.049479663	-0.019610418	-0.026793312
0.0986643	0.13624212	-0.19226207	0.09383044	-0.17562555	-0.16416717	-0.10242679	-0.11334536	0.13994186	0.16204014	-0.19543484	-0.13715824	0.15648377	0.17438748	0.16786078	0.12007129
0.032834623	0.1126989	-0.029558027	0.05969121	-0.09338677	-0.056365374	-0.05269175	-0.07263963	0.066508606	0.09560335	-0.06815568	-0.051063493	0.079044566	0.11121119	0.06900267	0.086330466
-0.45778823	-0.47998732	0.56765825	-0.53113693	0.43872014	0.5162185	0.38794786	0.5699785	-0.44838226	-0.46325037	0.5171936	0.5759789	-0.4911973	-0.5692536	-0.46957996	-0.50036854
0.044790413	0.021531546	-0.061156325	0.05465999	-0.089602545	-0.06250799	-0.0874009	-0.06376663	-0.0042437646	0.06573113	-0.042855684	-0.042223014	0.08474494	0.0649144	0.04490268	0.0039005538
-0.3295074	-0.30477574	0.3813298	-0.31757587	0.3589433	0.3265906	0.33896363	0.37745753	-0.3601411	-0.36710694	0.3911394	0.3478842	-0.2962093	-0.3391548	-0.34224594	-0.33474806
-0.49593866	-0.52191997	0.54682744	-0.50469995	0.47335675	0.5844046	0.45068255	0.5622043	-0.4275253	-0.5139355	0.5444251	0.55844814	-0.4908268	-0.553163	-0.50709	-0.47599262
-0.40030706	-0.50005144	0.50538725	-0.44064385	0.44670576	0.4800367	0.42350754	0.45017576	-0.4185949	-0.43158755	0.5178762	0.5616192	-0.41600183	-0.45308104	-0.43458638	-0.4689602
0.43255192	0.47793755	-0.5073123	0.32915112	-0.41664344	-0.5010748	-0.33524108	-0.46359393	0.43774563	0.45114416	-0.45537093	-0.57544965	0.44703966	0.45088473	0.45588145	0.4380239
0.3379666	0.50029325	-0.5360444	0.3146582	-0.3833509	-0.47075188	-0.30077538	-0.44112128	0.36129826	0.45185676	-0.41816884	-0.554448	0.41850784	0.5202605	0.42790544	0.46384045
0.13739103	0.18407853	-0.14247322	0.1281753	-0.19279188	-0.15518565	-0.17466414	-0.18735811	0.13919508	0.15988478	-0.12776692	-0.23195906	0.13437898	0.15620157	0.13232704	0.20299368
0.22923103	0.20456466	-0.20687397	0.36646816	-0.14060298	-0.17082223	-0.21296948	-0.25413504	0.24688378	0.26431194	-0.23790272	-0.2670488	0.26106033	0.20962445	0.18932453	0.16188505
0.4906323	0.60003394	-0.5690797	0.46478805	-0.566485	-0.5708584	-0.5150541	-0.5738545	0.49438334	0.50986725	-0.5445118	-0.6137723	0.47767073	0.5919862	0.50978345	0.516496
-0.00074623124	0.0737053	-0.05974034	0.07008998	-0.058923665	-0.0520122	-0.003136604	0.0023622678	0.0698257	0.046533678	-0.005522153	-0.07343326	0.07210271	0.10558425	0.075292386	0.037672117
0.3226124	0.4823945	-0.47411892	0.19872679	-0.39277968	-0.4915286	-0.28646532	-0.4602182	0.29951373	0.39266855	-0.44340312	-0.45154205	0.36661547	0.48155698	0.34752882	0.42788798
-0.023525687	-0.044676613	0.004866997	-0.05901342	0.013497959	0.07339715	0.0664941	0.040361736	-0.06843661	-0.035576813	0.020066952	0.03915045	-0.090972975	-0.030057391	-0.067037135	-0.0409069
-0.27208698	-0.2037709	0.33506364	-0.31617653	0.24382432	0.31511146	0.27633047	0.34619814	-0.2686243	-0.33219704	0.31502137	0.368006	-0.31016794	-0.33704963	-0.26859784	-0.2809219
-0.28215206	-0.23197147	0.33829185	-0.32518995	0.23704587	0.29519394	0.29332605	0.36735424	-0.32356453	-0.366599	0.36353806	0.37433803	-0.30604693	-0.3694424	-0.29315156	-0.26836506
-0.11298866	-0.22316466	0.14247666	-0.1727566	0.13359028	0.18604878	0.14748919	0.19578762	-0.18897839	-0.172975	0.19054182	0.1594657	-0.12932728	-0.16101845	-0.218307	-0.13132538
0.27204162	0.3273702	-0.33937198	0.2190921	-0.25083506	-0.3149901	-0.27256233	-0.3220732	0.3094956	0.29792288	-0.31350902	-0.3541347	0.32736316	0.35621166	0.32729554	0.24647044
-0.06732479	-0.06130742	0.06770261	-0.0703732	0.06406821	0.11292696	0.11453978	0.1221963	-0.04280045	-0.059232403	0.0533578	0.13155656	-0.03144205	-0.095347084	-0.043336052	-0.033606216
-0.4490277	-0.52061	0.58894527	-0.5022331	0.53108937	0.55007267	0.4311915	0.58943284	-0.4994353	-0.5242388	0.54981107	0.5762238	-0.4951571	-0.52146405	-0.47066683	-0.48982373
0.17510676	0.24454488	-0.23697338	0.18543549	-0.15344387	-0.24687709	-0.20644243	-0.23564705	0.16751784	0.17738864	-0.2398783	-0.26683348	0.15616487	0.25029072	0.15840101	0.16916701
0.37372503	0.33220422	-0.41759777	0.37936088	-0.32953516	-0.33165136	-0.32432696	-0.34284684	0.38046074	0.387236	-0.4126984	-0.4068471	0.35564747	0.4196423	0.36527842	0.34044784
-0.20474105	-0.16533715	0.1648699	-0.16152856	0.22555342	0.1874431	0.117008455	0.2075664	-0.13718478	-0.14063303	0.17351878	0.22354272	-0.18436858	-0.1879185	-0.13727863	-0.21252385
-0.20790176	-0.17525823	0.23406748	-0.1428256	0.12542894	0.21312039	0.11180778	0.2207811	-0.20384748	-0.17059685	0.22607622	0.22086206	-0.19715798	-0.1721046	-0.15416408	-0.20406075
-0.04486966	0.08733513	0.04799113	-0.10784138	-0.02861319	-0.05931911	-0.014145547	0.032191504	0.005571271	-0.06429386	0.03626441	0.028525854	-0.073226936	-0.02799445	0.009133151	-0.02664759
0.39715666	0.53635025	-0.58005935	0.4370476	-0.5032866	-0.5390709	-0.40598157	-0.49213198	0.40556514	0.47313336	-0.49771425	-0.60551274	0.446695	0.57331777	0.501467	0.45392486
0.042404894	0.14228514	-0.05333148	-0.005669502	-0.122106925	-0.15149271	-0.1078164	-0.11983816	0.04539333	0.10872203	-0.071412	-0.092190444	0.026216296	0.0790425	0.1253661	0.06868716
0.14742483	0.23392737	-0.2149312	0.12701693	-0.26930907	-0.23478563	-0.24291609	-0.20696782	0.2545368	0.24865296	-0.20751141	-0.24770103	0.24835867	0.26322633	0.22326584	0.27144212
-0.093194	-0.14660735	0.14326914	-0.07288031	0.14481783	0.13898215	0.14598617	0.15978317	-0.09829851	-0.13982928	0.12649761	0.08018755	-0.09376518	-0.0986482	-0.10191961	-0.08972039
-0.07590741	-0.123464964	0.12255475	-0.15692721	0.09776093	0.18796061	0.14289917	0.15116769	-0.11927458	-0.18323961	0.15582809	0.21782896	-0.1603943	-0.20343548	-0.07860702	-0.12198766
-0.26469633	-0.34956443	0.40579432	-0.28682515	0.3560885	0.3683916	0.31429106	0.36624238	-0.30564243	-0.36506382	0.35271606	0.3376786	-0.35024813	-0.3007146	-0.32766888	-0.28101018
-0.5688128	-0.6091686	0.57965535	-0.56232125	0.5642771	0.66639656	0.49727532	0.62246543	-0.5503758	-0.5862902	0.6186776	0.58767605	-0.53208655	-0.6035675	-0.5514221	-0.56720006
0.42805353	0.4846565	-0.5568076	0.36892956	-0.49017182	-0.4729497	-0.33792531	-0.46215534	0.45542613	0.5033613	-0.45360053	-0.54032665	0.40193337	0.5345089	0.47856206	0.4586305
0.0076737194	0.038447935	-0.06547223	0.013051401	-0.045923077	-0.0141386045	-0.05128856	-0.043350253	0.07118002	-0.008080015	0.012955339	0.017769286	0.010724258	0.04102784	0.07537532	0.03986885
0.18295313	0.20173669	-0.21676145	0.16815072	-0.22456947	-0.25172246	-0.14354642	-0.1472173	0.16849744	0.1930542	-0.20183282	-0.15119849	0.19729266	0.21522327	0.15145601	0.20248623
0.10629916	-0.044735316	-0.039013773	0.081784114	0.011852473	-0.028045708	-0.029762195	0.0058295415	0.07074312	-0.010954	-0.0646823	-0.06335937	-0.0036557761	0.076454334	0.04414071	0.053839818
0.0724206	0.15100503	-0.12245273	0.071266286	-0.15353614	-0.12840994	-0.067329235	-0.08492763	0.0761047	0.11160834	-0.12297677	-0.1034058	0.12615012	0.16228582	0.17309067	0.10518279
0.3269818	0.45182353	-0.45454064	0.38979954	-0.37559697	-0.45490038	-0.36256558	-0.3713586	0.3735953	0.40151018	-0.44406474	-0.4849568	0.35079557	0.3984971	0.37346405	0.36014152
0.41752505	0.5613161	-0.6264296	0.4124071	-0.5039963	-0.578657	-0.467029	-0.5854573	0.42388013	0.4838086	-0.48273453	-0.5802368	0.45471516	0.58634645	0.48827794	0.48675013
-0.007077244	0.05545272	-0.110305466	0.0037786907	-0.03505403	-0.11993305	-0.051183447	-0.020108722	0.08143307	0.061129324	-0.10201642	-0.058174092	0.038737137	0.062051352	0.07400545	0.039278634
-0.5123988	-0.5384543	0.58354026	-0.46141556	0.5131916	0.5864828	0.4614199	0.50322795	-0.44098562	-0.5629583	0.54761326	0.57165813	-0.5421081	-0.5764404	-0.49212846	-0.4707755
0.11561764	0.1265814	-0.15335472	0.081435055	-0.11931293	-0.237037	-0.17167245	-0.1557885	0.1325498	0.1399978	-0.17422865	-0.09432629	0.14025812	0.12738165	0.19636548	0.1843092
-0.034374543	0.028394198	-0.008625322	-0.018351112	0.03698667	-0.05781534	0.0236438	-0.0507362	0.011199973	0.05250268	0.015641863	0.03529839	0.037549004	-0.041909665	0.057372708	0.017712303
-0.066820174	-0.115341544	0.16573833	-0.10151582	0.13924123	0.1535327	0.14221092	0.14525229	-0.14089237	-0.112966575	0.08547647	0.12492695	-0.15078008	-0.12820926	-0.072208606	-0.10992558
0.3469626	0.37870362	-0.38402903	0.36588612	-0.3833935	-0.42229056	-0.31670707	-0.40038234	0.39586812	0.38006628	-0.39733714	-0.39476112	0.38641062	0.38462895	0.38660386	0.4089474
-0.0017310516	0.022028018	0.058957204	-0.08587896	0.019236198	0.0659694	-0.012803366	0.065474994	-0.0686708	-0.008680928	0.08553252	0.025076356	-0.052014325	-0.061963167	0.013795817	0.012217191
-0.42477262	-0.4947552	0.5745896	-0.45892075	0.4839417	0.47702596	0.45033932	0.54573584	-0.43545142	-0.48349223	0.47474146	0.55682886	-0.41827452	-0.53704387	-0.49368247	-0.42348158
-0.35042918	-0.37305552	0.44327337	-0.35109422	0.3328913	0.37971324	0.36196518	0.40467224	-0.28256184	-0.42701274	0.42336926	0.44955537	-0.36689675	-0.3722536	-0.3175689	-0.3237769
0.023404825	0.05816686	0.027754225	-0.041776337	-0.03834702	-0.023062464	-0.029049883	-0.018383004	0.026609743	0.00599053	0.030830242	-0.00020181155	0.023478616	0.0103033045	0.059225067	0.050170884
0.08350825	0.09246904	-0.12597531	0.08470189	-0.1013454	-0.112806454	-0.1394363	-0.063015796	0.077463776	0.13738991	-0.07060658	-0.08340565	0.10664123	0.14547783	0.1471414	0.119814835
0.15752412	0.107249595	-0.15347444	0.16958828	-0.108676426	-0.109462604	-0.11523656	-0.1328323	0.15119313	0.17405209	-0.1771525	-0.14418758	0.18730697	0.1714728	0.09401043	0.12159334
-0.37344962	-0.39542603	0.3891292	-0.3755289	0.34638816	0.33813125	0.3752399	0.45483118	-0.3666315	-0.42884022	0.41568688	0.42612413	-0.4001816	-0.3595144	-0.4231319	-0.3729071
